企業名,URL
株式会社オープンセサミ・テクノロジー,
KeePer技研株式会社,
株式会社ホンダロジコム,
木野瀬印刷株式会社,
株式会社ココトモファーム,
株式会社八幡ねじ,
株式会社グラフィッコ,https://graphicco.co.jp
東洋電機株式会社,
株式会社ちあい,https://www.chiai-care.com/
株式会社ウェルシス,https://www.ontime.cc/
株式会社Campbell,https://wellsis.co.jp/
株式会社エスワイフード,https://model-campbell.com/
株式会社江南発条,
中央化工機株式会社,
船橋設備株式会社,
神村電機工業株式会社,
西三建設株式会社,
株式会社三共工業所,
相生ユニビオ株式会社,
株式会社岡崎土質試験所,
三基工業株式会社,
中央空調株式会社,
株式会社徳重,
株式会社テクノアシスト糟谷設計,
株式会社伊藤建設工業,
株式会社愛知不動産鑑定所,
株式会社タスクール,
株式会社フェアウィンド,
株式会社ジー・ソフト,
いその株式会社,
株式会社tendre,
中部電子システム株式会社,
株式会社カルテットコミュニケーションズ,
アルプススチール株式会社,
株式会社日本コスパ,
株式会社テクノプラスト,
重機商工株式会社,
株式会社インデックス,
菱信工業株式会社,
名古屋エアゾール株式会社,
株式会社トヨコン,
名豊建設株式会社,
藤城建設株式会社,
株式会社森建設,
小島食品製造株式会社,
株式会社シンキ・コーポレーション,
株式会社ネクステージ,https://www.nextage.jp/
株式会社ヴイテック,http://www.vtec2109.co.jp/
半田中央印刷株式会社,https://handa-cp.co.jp/
株式会社愛知レジン,https://aichi-resin.jp/
株式会社 城山,https://cc-shiroyama.jp/
一般社団法人愛知県歯科医師会,https://aichi8020.net/
株式会社CBCラジオ,https://hicbc.com/radio/
株式会社CBCテレビ,https://hicbc.com/
株式会社みなか,https://www.minaka.net/
大和グラビヤ株式会社,https://www.daiwagravure.co.jp/
株式会社ナンブ,https://www.nambu-y.jp
エンプロ株式会社,https://www.enpro.co.jp/
木野瀬印刷株式会社,https://kinose.co.jp/
ホンダロジコム株式会社,https://honda-logi.com/
日本出版販売株式会社,https://www.nippan.co.jp
旭運輸株式会社,https://www.auk.co.jp/
株式会社伊藤工務店,https://www.ito-koumuten.co.jp/
ホーメックス株式会社,https://www.ito-koumuten.co.jp/
株式会社ニッショー,https://www.nissho-apn.co.jp/company/
株式会社八幡ねじ,https://yht.co.jp/
ARMS株式会社,https://nagoya-grampus.jp/
株式会社名古屋グランパスエイト,https://arms.co.jp
ナカモ株式会社,https://nakamo.co.jp/
大橋運輸株式会社,https://www.0084.co.jp/
東洋電機株式会社,http://www.toyo-elec.co.jp/
大和エネルフ株式会社,https://www.enelf.jp/
株式会社チタコーポレーション,https://chitacoh.co.jp
株式会社オープンセサミ・テクノロジー,https://www.opensesame-tech.com/
株式会社シーアールイー,https://www.cre-nagoya.com/
株式会社あいや,https://twitter.com/cre_since1991
株式会社豊栄商会,https://cre1991.blogspot.com/
株式会社エステム,https://stem-saiyou.jp/
J-netレンタリース株式会社,https://recruit.j-netrentalease.jp/
株式会社クリフテック,http://www.creftec.co.jp
株式会社コバック・ホールディングス,https://www.kobac.co.jp/
東新住建株式会社,https://www.toshinjyuken.co.jp/
株式会社アルバイトタイムス,https://www.atimes.co.jp/
株式会社白帝エンジニアリング,http://www.hakutei.co.jp/
セントラルコンベヤー株式会社,https://www.centralcv.co.jp/
株式会社ココトモファーム,https://www.cocotomo-farm.jp
株式会社新日,https://shinnichi.co.jp/
株式会社東名ヒューズ,http://www.tomeifuse.co.jp/
株式会社エス・エヌ・テー,http://www.s-n-t.co.jp/
株式会社カネスエ,https://www.kanesue.co.jp/
株式会社フューレックス,http://www.fulex.jp/
愛知ダイハツ株式会社,https://www.daihatsu-aichi.co.jp/
セントラル画材株式会社,https://www.central-gazai.co.jp/
株式会社妙香園,https://myokoen.com/
株式会社オリバー,https://www.oliverinc.co.jp/
株式会社アイセロ,https://www.aicello.co.jp/
豊安工業株式会社,https://www.e-houan.co.jp/
愛知高速交通株式会社,https://www.linimo.jp/
技研株式会社,https://keepergiken.co.jp
株式会社レッドバロン,https://www.redbaron.co.jp/
株式会社 不動産SHOPナカジツ,https://nakajitsu.jp/
株式会社メグラス,https://meglus.co.jp/
株式会社ユタカファーマシー,https://www.d-yutaka.co.jp/recruit/
株式会社 フジキカイ,https://www.fujikikai-inc.co.jp/
丸水設備株式会社,https://www.marumizu.co.jp/
株式会社 御園座,https://www.misonoza.co.jp/
ミソノサービス株式会社,http://www.misonos.co.jp/
CNCIグループ（株式会社,https://recruit.cnci.co.jp/
株式会社テクノプラスト,https://technoplast.co.jp
株式会社コモ,https://www.comoshop.jp/
株式会社アテック,https://www.atec-inc.co.jp/
日本街路灯製造株式会社,https://www.gairoto.co.jp/
河田フェザー株式会社,https://www.misonoza.co.jp/
株式会社レーザックス,https://kwd.jp/
アルプススチール株式会社,https://kwd.world
フジクリーン工業株式会社,https://www.fujiclean.co.jp/
株式会社スマートスマーツ,https://smartsmarts.net/
株式会社ブレイズ,https://portal.blaze-inc.co.jp
株式会社魚彦,なし
株式会社FROM,https://fromnow-international.jp/
株式会社フジケン（フジケングループ）,https://www.fujikengroup.co.jp/
サンコーリサイクル株式会社,https://www.sanko-re.co.jp/
株式会社BizMo,https://biz-mo.co.jp/
ヒューマンアカデミー株式会社,https://manabu.athuman.com/
株式会社イトコー,https://itoko.co.jp
鈴秀工業株式会社,https://www.suzuhide.co.jp
株式会社オノコム,https://www.onocom.co.jp/
株式会社ワン・ブルー・キャリア,https://1-blue.jp/company/
株式会社プライズメント,https://prizement.co.jp/
株式会社小垣江鉄工所,http://www.ogakie.co.jp/
株式会社ウエストポイント,https://www.west-point.co.jp/
株式会社螢雪ゼミナール,https://keisetsu.net/
株式会社クリップコーポレーション,なし
サンメッセ株式会社,https://www.sunmesse.co.jp/
株式会社キッズプロモーション,https://tsujireiki.com/
株式会社ヨコタエンタープライズ,https://kidspromotion-inc.com/
株式会社エスワイフード,https://syfood-japan.com/
宝松株式会社,http://www.houshou-ltd.com/