企業名,企業URL
須崎三共運送株式会社,
ＪＡＰＡＮ　ＥＸＰＲＥＳＳ株式会社,
株式会社小林組,
有限会社広栄倉庫,
笑進ロジスティック株式会社,https://emisufactory.storeinfo.jp/pages/4103187/static
株式会社日商セントラル,
八洲重量株式会社,http://www.yashima-juryo.co.jp
株式会社ユーテック,
ヤマトワークス株式会社,
株式会社Ａーｓｔａｆｆ,https://co-a-staff.co.jp/
株式会社トラスト,
トラスト運輸株式会社,
有限会社アドバンス,
株式会社ビット,
有限会社カヤノ物流,
株式会社アイエンタープライズ,
テイーケイ物流有限会社,
株式会社アズ,
株式会社Ｎワークス,
株式会社Ｋｉｎｇ,
有限会社オークラコーポレーション,http://okura.trapack.jp/
株式会社つかさ,https://tukasakaijyo.jimdofree.com/
株式会社グッドロード,http://www.good-road.com/
有限会社新栄冷蔵,http://shin-ei-reizou.com/
Ｊｎｅｔ株式会社,https://www.jnet-co.com/
株式会社クレックス,https://crex-23.com/
壬輸送株式会社,http://mizunoe-toransport.com
ＴＢロジスティクス株式会社,http://www.tblogisticsservice.co.jp/index.html
株式会社ゲオビジネスサポート,https://www.geonet.co.jp/business/companies/gbs/
株式会社宇佐美共栄社,https://usami-net.com/content/company/group/usami-kyouei.php
名古屋第一物流株式会社,https://www.ndb-logistics.co.jp/
株式会社レミックス,http://silvernet-kotsu.com/
カネ政運輸株式会社,http://kanemasa-express.com/
株式会社ＨＯＴＲＥＸ,https://www.hotrex.co.jp/index.html
株式会社Ｏ・Ｅ・Ｓ,https://www.orient-ex.jp/
名古屋千里運輸株式会社,http://www.senriunyu.co.jp/access.html
尾張陸運株式会社,http://www.owaririkuun.jp/index.html
株式会社常滑荷役,https://www.tokonamegyuuki.com/
三光陸運株式会社,http://sanko-rikuun.co.jp/
株式会社東海丸和ロジスティクス,http://kk-dragon.com/index.html
株式会社マルニ運輸,http://www.maruni-exp.co.jp/
ケアバス・ジャパン株式会社,http://www.carebus.co.jp/
大宝レックス株式会社,https://taiho-rex.jp/
合同会社アルティアン,https://altian.site/
株式会社ＣＨＡＭＰＳ,https://champs777.com/
ミライノ株式会社,https://miraino-logi.co.jp/index.html
株式会社Ｔ＆Ｋテクノ,https://tandktechno.com/
株式会社Ｌａｌａ,http://m-lala-178.com/
有限会社第三フジタクシー,https://fujitaxi.jp/3a/
立正オート運輸株式会社,http://www.risyo.co.jp/company/rissyo_auto.html
株式会社センターリバー,https://www.c-river.co.jp/
株式会社ブロード,https://broad7065.co.jp/company/
稲沢運輸株式会社,http://www.inazawa-unyu.com
マナティ株式会社,https://manatee-inc.jp/
合同会社Ｇ‐Ｋ　Ｐｏｗｅｒ,https://g-k-power.com/
株式会社Ｓｍｉｌｅ　Ａｔｈｌｅｔｅ,https://smile-athlete.com/
ティー・カーゴ株式会社,https://tcago.jp/
栄伸観光株式会社,https://www.eishinkanko.com/
株式会社Ｈａｎｚｏ　Ｇｒｏｕｐ,https://hanzo-group22.com/
合同会社ＳＴサービス,https://st-service.jp/
株式会社スマートロジスティクス,https://smartlogistics.amebaownd.com/
株式会社ＡＳＸＥＥＤ,https://skyroad-takuhai.com/
株式会社山三,http://www.yamasan21.co.jp/
ビューテック運輸株式会社,https://www.vuteq.co.jp/group/rogistic/vutequnyu/info.html
セントラルヘリコプターサービス株式会社,http://www.central-heli.com/
トピー海運株式会社,http://www.topy-kaiun.co.jp/
有限会社河綜,https://kawaso-2005.com/
株式会社キョウエイファイン,http://www.kyoei-fine.co.jp/index.html
司企業株式会社,http://
株式会社ＨＥＡＬＳ,http://www.heals.co.jp/
株式会社翔栄通商,http://shouei-t.com/
福祉タクシーニコニコ,https://nikoniko-fukushitaxi.com/
合同会社コトブキ,https://kotobuki412.com/
ティーケイ物流株式会社,https://logistics-service-3528.business.site/
株式会社ＳＯＲＴＥ,https://sorte-inc.com/
Ｒ．Ａ．Ｄｓｅｒｖｉｃｅ株式会社,https://rad-service.amebaownd.com/
日本ルートサービス株式会社,http://www.nh-nrs.co.jp/
アドバンスト・ロジスティックス・ソリューションズ株式会社,https://www.al-so.co.jp/
有限会社都築産業,http://www.tsuzuki-sangyo.co.jp/company.html
有限会社ケイツー,https://www.k2tekakou.com/
株式会社ユーネットランス,https://www.u-netrans.co.jp/company/
有限会社三栄企画,http://www.sanei-k.net/
アイカイ物流株式会社,http://aibutsu.jp/index.php
有限会社ニシカワ運輸,http://fullsmile.co.jp/
株式会社シンポジューム,http://www.shinposhinpo.com/
高岡運送有限会社,http://takaoka.biz/73177/
常滑運輸株式会社,https://tokoun.co.jp/
株式会社ダイコー,http://www.dd-daikoh.co.jp/
あおい交通株式会社,http://aoi-komaki.jp/
ケイヒン陸運株式会社,http://www.keihin-transport-tokai.co.jp/index.html
株式会社沓名産業,https://kutsuna.jp/access/
株式会社ドリームスカイ名古屋,http://www.d-skyngo.jp/
三栄運輸株式会社,http://www.sanei-unyu.co.jp/index.html
山路運送株式会社,http://yamajiunso.com/
株式会社イトー急行,http://www.itoexp.co.jp/index.php?DDDgo1
名鉄東部交通株式会社,http://www.meitetsu-toubukoutsu.com/
株式会社内山,http://uchiyama-co.jp/
株式会社パーソンサービス,http://person-service.jp/
三興陸運株式会社,https://www.mitsui-soko.com/company/group/msc/business/mcsr
グリーンライン光進株式会社,http://kousin-mex.com
有限会社宇野商会,https://bso17581.bsj.jp/
株式会社ＳＢトランスポートシステム,http://www.sb-transport.jp/
有限会社雅商事,http://miyabi-shouji.com/
株式会社キタブツ中部,http://www.ktk.gr.jp/company/group
株式会社ダイセーセントレックス,http://www.centlex.co.jp/
株式会社テクノロジテム,http://www.techno-logitem.co.jp/index.php
株式会社マホリ,http://mahori.co.jp/
株式会社そうごう機工,http://www.k-sougou.co.jp/
愛北ロジック株式会社,https://ailogi.co.jp/index.html
株式会社幸西,https://www.gr-kousei.co.jp/
株式会社栄交通,https://www.ske-taxi.co.jp/
マリヤ運輸有限会社,https://mariya-unyu.com/
光陽陸運株式会社,https://koyo-rikuun.com/
名鉄知多タクシー株式会社,https://chitataxi.co.jp/
丹羽商株式会社,https://www.fujiyoshi.co.jp/company/group/
知多埠頭株式会社,https://www.chitafuto.co.jp/
秩父運輸株式会社,http://chichibu-unyu.com/
衣浦ポートサービス株式会社,https://k-port.co.jp/
トヨコンロジスティクス株式会社,http://www.toyocongroup.co.jp/t-logi/
栄光株式会社,http://www.andeico.co.jp/2015/07_company/group_02.html
有限会社三洲運輸,http://sansyuexpress.com/
ＡＮＡ中部空港株式会社,http://www.ngoap.ana-g.com/
ヤマト運送株式会社,http://www.yamato-unsou.co.jp/
有限会社丸広,http://maruhiro-inc.com/
衣浦物流株式会社,http://www.kinubutsu.co.jp/
株式会社シャチライン,http://syachi-line.jp
株式会社アステック,http://www.astec-inc.jp/
中部システム物流株式会社,https://chubu-system-butsuryu.co.jp/
愛知高速交通株式会社,http://www.linimo.jp/index.html
フジイチ輸送有限会社,http://fujiichi-yusou.co.jp/home/about.html
株式会社大東ロジスティクス,https://daito-group.biz/logistics/about/
株式会社伊藤ハウス,http://www.ito-house.net/index.html
イーライン株式会社,https://www.e-line7.com/page1
株式会社司商事,http://www.tsukasa-line.com/index.html
有限会社遠山工業,http://tohyama-kougyou.co.jp/
トキ・プロダクツ株式会社,https://www.tokiproducts.jp/index.html
マルハン物流株式会社,http://www.m-han.co.jp/associa.html
株式会社ツーリスト中部,http://www.rakuraku-bus.jp/
株式会社ケービン,https://www.k-bin.co.jp/
有限会社北村産業,http://www.kitamurasangyou.com/
新井運送有限会社,http://www.arai-unsou.co.jp/
有限会社フジイロジスティックス,https://www.fujii-l.com/
ユー・トラフィック株式会社,http://u-tra.com/
株式会社石三,http://www.seki-san.co.jp/
株式会社サクセスプランナー,http://www.success-p.com/
株式会社住理工ロジテック,http://www.lg.sumiriko.co.jp/
株式会社正栄,http://shouei-juryo.jp/
理化トランスポート株式会社,https://www.rika-svc.co.jp/company/rika-transport
横山運輸株式会社,http://yokoyama.tokai-net.jp/index.html
スギウラ物流有限会社,http://www.sugiura-s.com/
株式会社ひまわりカーゴサービス,http://www.sakatashuhan.co.jp/company/index.htm
商都通信株式会社,http://www.syoto.co.jp/index.html
株式会社ネクスト,http://next0601.co.jp/
間口東海株式会社,https://maguchi-tokai.co.jp/
有限会社川上商店,https://www.kawasho10.com/
株式会社Ｋ’ｓ物流,http://www.ks-logistics.co.jp
ゼネラルトランス株式会社,https://www.generaltrans-inc.com/
株式会社ストライヴ・プロモーション,http://sp-kk.com/index.html
犬山ツーリスト株式会社,http://www.inutsu.net/
ワールド運輸株式会社,https://world-unyu.co.jp/
豊栄交通名古屋株式会社,http://www.hoei-group.co.jp/associated.html
株式会社西三交通,http://www.seisankotsu.jp/index.html
スターライン株式会社,http://www.starline1999.co.jp/
日豊高速運輸株式会社,http://www.nippo-exp.co.jp/
愛知陸運株式会社,http://www.airiku.co.jp
平野商運株式会社,http://www.hiranoshouun.co.jp/
株式会社キャリーライフサポート,https://clsgroup.co.jp/carrylifesupport/
株式会社山城重量,https://yamashiro.simdif.com/
ＳＡロジテム株式会社,https://www.sa-logi.jp/
高山産業運輸株式会社,https://www.takayama-sangyo.com/
有限会社巧栄サービス,http://koei-service.com/index.html
丸新運輸倉庫株式会社,http://www.marushinjapan.com/
タカサカ青果株式会社,http://www.vege-takasaka.co.jp/
ハヤマ運輸株式会社,http://www.hayamatransport.co.jp/company.html
豊栄運輸株式会社,http://www.hoei-exp.co.jp/
ＬｉｆｅＢａｎｋ株式会社,http://lifebank.co.jp/index.html
株式会社トクタク,http://www.tokutaku.co.jp/
瀬東運輸株式会社,http://seto-unyu.co.jp/
グリーンライン中京株式会社,http://www.greenlc.co.jp/index.html
大善倉庫株式会社,http://www.daizengroup.com/souko/
株式会社東海流通システム,https://www.tokai-ryutsu.com/
株式会社ラックサービス,http://www.luck-service.co.jp/index.html
株式会社東海興運,http://www.tokaikouun.co.jp/
栗木運輸株式会社,http://kuriki-exp.jp/
有限会社田上産業,http://tagami-sangyo.com/index.html
光徳運輸株式会社,http://www.koutoku-unyu.co.jp/
有限会社ヤマコン,http://www.yamakon-logi.co.jp/
株式会社名豊管理,http://www.meihoukanri.com/
サンワリューツー株式会社,http://www.sanwaryutsu.co.jp/index.html
株式会社三栄急送,https://www.saneikyusou.co.jp/
株式会社ベストカーゴ,http://www.best-cargo.jp/
泰平運送株式会社,http://taihei-u.co.jp/index.html
株式会社エムエムエクスポート,http://mmexport.co.jp/
佐伯運輸有限会社,https://www.saeki-express.co.jp/company/
株式会社田中重機運輸,http://www.tanaka-juki.com/
株式会社丸玉運送,http://www.marutamaunsou.co.jp
株式会社マルブン,http://www.co-marubun.co.jp/
春日井運輸株式会社,http://www.kasugai-taxi-truck.co.jp/index.html
北野運輸株式会社,http://kitanounyu.com/
小出運送株式会社,http://www.koide-unsou.co.jp/
美光商運株式会社,http://www.biko-g.com/
中部国際空港株式会社,http://www.centrair.jp/corporate/
株式会社新藤,http://sin-to.jp/
有限会社小林運輸,http://www.kobayashi-unyu.jp/
株式会社全日本ピアノ運送,http://zenpi.co.jp/
岡大物流株式会社,http://okadai1986.jp/index.html
株式会社東海エクスプレス,http://tokai-exp.jp/
名東急送株式会社,http://meikyu.jp/index.html
株式会社ランドキャリー,https://landcarry.co.jp/%e4%bc%9a%e7%a4%be%e6%a1%88%e5%86%85
株式会社中部サービス,https://chubu-s.com/
株式会社ホーコー,http://hoko-express.co.jp
平野物流株式会社,https://hirano-exp.jimdo.com/
株式会社ケー・ツー,http://k2co.net/aboutus/index.html
中部圏運輸情報株式会社,http://www.unyujoho.gr.jp/company/
東海センコー運輸株式会社,http://tokai-senko.com/
名菱企業株式会社,http://www.meiryo-kigyo.com/
シーケー物流株式会社,https://www.ck-logistics.co.jp
飛島物流サービス株式会社,http://www.tls-inc.co.jp/
株式会社ヤギジョー,https://yagijo.jimdo.com/
株式会社エヌアールティー,http://nrt-t.com/
有限会社イソショウ,http://isoshou.co.jp/index.html
中山商事株式会社,http://www.nakayamasyoji.com/
株式会社中日本エクスプレス,http://nakanihon-exp.jp/
衣浦臨海鉄道株式会社,http://www.kinurin.co.jp/
武蔵重設株式会社,http://musasijyusetu.web.fc2.com/index.html
株式会社ＴＳＳ,https://tss2007.hp.gogo.jp/sp/index.html
株式会社TK,https://www.tk-r.jp/company/
株式会社豊成,https://housei1986.com/
エーデン流通株式会社,http://www.adenryutsu.jp/
中部共栄運輸株式会社,https://cku.co.jp/
大正冷蔵株式会社,https://www.taishoureizou.com/
朝日ケ丘運輸株式会社,http://www.asahigaoka.co.jp/index.html
朝日ケ丘産業株式会社,http://asahigaoka.co.jp/sangyo/
藤園運輸有限会社,https://fujisono-unyu.jimdofree.com/
株式会社デンソーロジテム,http://www.denso-logitem.com/
株式会社トヨカサービス,https://toyoka-s.com/
エスケイライン株式会社,http://www.skline.co.jp/index.html
有限会社サカエカーゴ,http://www.toyohashi-minato-rikuun.co.jp/business/index.html
サーラ物流株式会社,http://www.logi.sala.jp/index.html
アクティブ株式会社,http://www.active-eco.co.jp/
トラスト運輸有限会社,http://trust-tp.com/
株式会社ダイヤライン,https://www.daiyaline.com
イノチオ物流株式会社,http://www.inochio-logistics.co.jp/
有限会社森設備研究所,http://www.morisetubi.jp/
株式会社丸玉運送豊橋,https://marutamaunsou.co.jp/area/toyohashi/
株式会社?元商事,http://yoshimoto-s.jp
豊鉄バス株式会社,https://www.toyotetsu.jp
有限会社前田運送,http://www.maedaunsou.ecnet.jp/
豊鉄ミデイ株式会社,https://www.toyotetsu.com/midi/index.html
株式会社武知,http://www.taketomo-transport.jp/
有限会社オートステーション,https://www.auto-st-inc.com/
有限会社脇サービス,http://www1.clovernet.ne.jp/waki_sp/index.html
株式会社今井重機,http://www.imaijuki.com/
愛知環状鉄道株式会社,http://www.aikanrailway.co.jp/
黒川商事株式会社,http://www.kurokawa-exp.co.jp/index.php
宝物流サービス株式会社,http://www.takara-logi.co.jp/
東海ワークス株式会社,http://www.tokaiworks.com/
協進運輸株式会社,http://www.kyoshinunyu.co.jp/
協和陸運株式会社,http://www.kyowa-rikuun.co.jp/index.html
田原運輸株式会社,http://www.aichikaiunsangyo.co.jp/relation/tahara.html
株式会社ユーティー・サービス,http://www.ut-service.co.jp/index.html
トヨタ倉庫株式会社,https://www.toyota-soko.com/company/
東海西部運輸株式会社,http://www.seibu-trans.com/corporate4011.html
匠産業株式会社,http://www.tsk-81.co.jp/
株式会社ムソー,http://muso.ne.jp
株式会社二葉興運,http://www.futaba-tp.co.jp/page1
株式会社にんじん,https://www.ninjinclub.co.jp/
株式会社速水運輸,http://883.co.jp/
東海交通株式会社,http://tokaikotsu.co.jp
タカラ梱包輸送株式会社,http://www.takarakp.co.jp/
ホイテクノ物流株式会社,http://www.hoitechno.co.jp/index.html
株式会社トヨコン,http://www.toyocongroup.co.jp
三河リポート株式会社,http://www.m-report.co.jp/
岡通運輸株式会社,http://ok-unyu.jp/
愛陸急送株式会社,http://aikyu.co.jp/
ヤマヒロ運送株式会社,http://www.yamahiro-unsou.com/
大興運輸株式会社,http://www.taikoh.co.jp
藤梱包物流株式会社,http://www.fuji-konpo.co.jp/
株式会社丸隼運輸,http://maruhaya-unyu.jp
安全タクシー株式会社,http://handa-anzentx.co.jp/
株式会社デイリーサービス,https://www.morinagamilk-sales.com/business/logistics-group.html
有限会社稲垣運輸,https://sachika4321.wixsite.com/inagaki
刈谷交通株式会社,http://kariko-taxi.com/
ダイセーエブリー二十四株式会社,http://www.every24.co.jp/
カリツー東日本株式会社,http://www.karitsu.co.jp/east/index.html
株式会社入丸,http://www.irimaru.co.jp/index.html
尾張交通株式会社,http://owari-taxi.co.jp/index.html
有限会社間瀬運送,https://mase-express.com/
丸共通運株式会社,http://www.marukyo-tsuun.co.jp/index.html
大和高速運輸株式会社,http://www.daiwa-kousoku.co.jp/index.html
豊鉄運輸株式会社,http://toyotetsuunyu.jp/
高見起業株式会社,https://www.mirai-gr.co.jp/
名備運輸株式会社,http://www.meibi-t.co.jp/
中日本航空株式会社,http://www.nnk.co.jp/
株式会社メイコン,http://www.meikon.co.jp/index.html
東海倉庫株式会社,http://www.toukaisouko.co.jp/index.html
トヨタ輸送株式会社,http://www.toyotayusou.co.jp
誠栄産業株式会社,http://www.seiei-kk.biz-web.jp/11.html
有限会社みなみ産業,https://www.minami-373.co.jp/
株式会社成清トランスポート,https://narukiyo.jp/company.html
有限会社澤田機運,https://www.sawadakiun.co.jp/company
株式会社北中産業,http://www.kitanakasangyo.co.jp/company/
株式会社アロー流通サービス,https://www.arrow-ds.co.jp/
株式会社チヨダロジスティックスナゴヤ,https://clnagoya.co.jp/
エムケー物流株式会社,http://
山本運輸倉庫株式会社,http://yamamoto-unyu-souko.co.jp/
有限会社マルニシディーピー,https://024dp.co.jp/
エスピーディー株式会社,https://spd-j.co.jp/
アソートロジテック株式会社,http://www.assort-lg.co.jp/
菱大運輸株式会社,http://onisi024.sakura.ne.jp/newpage4.html
東郷運輸株式会社,https://www.togoh.co.jp/company/group.html
イマノ産業株式会社,http://www.tc-kotsu.com/
サンワ乳研株式会社,http://www.nakazawa.co.jp/company/nakazawa-sanwa
株式会社ティラドロジスティクス,http://unyu-trad.jp/index.html
富士運輸株式会社,http://www.fujiunyu.com/index.html
瀬戸自動車運送株式会社,http://marusetaxi.com/
愛知商運株式会社,http://www.aichi-syoun.jp/
桜運輸株式会社,http://www.sakuraunyu.com/page1
日本植物運輸株式会社,https://jpt-net.com/
加藤梱包運輸株式会社,http://katocompo.net/
株式会社大杉運輸,http://www.osugiunyu.co.jp/
名光急送株式会社,https://www.nisso-tw.co.jp/affiliatedcompany/meikokyuso.html
丸久運輸株式会社,http://www.marukyu-u.com/index.html
豊川タクシー株式会社,https://www.toyokawataxi.com/
松尾産業運輸株式会社,http://matsuo-sangyo.jp/
山三石油運輸株式会社,http://www.yamasan-sekiyuunyu.co.jp/index.html
ウカイ梱包運輸株式会社,https://ukai-konpouunyu.com/
渥美交通株式会社,http://atsumi0050.hp.gogo.jp/pc/
トラックス株式会社,http://trucks.co.jp/index.html
株式会社藤城運輸,http://www.fu-trucker.co.jp
豊鉄タクシー株式会社,https://www.toyotetsu.com/taxi/index.shtml
有限会社黒田トラック,http://kuroda-truck.co.jp/
丸定運輸株式会社,http://www.marusada-unyu.jp
三ケ根運輸有限会社,http://www.sangane.com
株式会社山内運送,http://yamauchiunsou.co.jp/
有限会社中村急送,https://www.nakakyu.net/
入船興業株式会社,https://www.japan-net.ne.jp/~irifune
アイサン工業株式会社,http://www.aisan21.co.jp/
夏目運輸株式会社,https://natsumeunyu.co.jp/company
西尾運輸株式会社,http://www.nishio-unyu.com/
名鉄岡崎タクシー株式会社,http://www.meitetsu-okataku.co.jp/index.html
株式会社東和ロジスティクス,http://www.towa1.co.jp/index.html
株式会社太平商会,https://www.taiheishoukaitoyohasi.com/
名古屋低温物流株式会社,http://www.nagotei.com/
尾州物流株式会社,http://www.bisyuu.co.jp/
株式会社仲井通商,http://nakaitsusho.co.jp/
株式会社東海ロジテム,http://tokai-logitem.com/
株式会社トラスト,https://www.trastkotsu.com/
Ｍａｓｃｏｔ・Ｌｉｎｅ,https://mascot-line.com/
尾北運輸株式会社,https://a42aht811.jbplt.jp/
有限会社東海マリンサービス,http://www.tokaimarine.co.jp/
日東運送株式会社,https://www.nittologi.com/
新大和興運株式会社,https://www.shindaiwakouun.com/
亀甲通運株式会社,http://www.kikkou.co.jp
名古屋貨物運輸倉庫株式会社,http://www.nagoyakamotsu.com/index.shtml
株式会社東海車輌,http://www.tokaisyaryo.co.jp/
株式会社井口運輸,https://iguchiunnyu.bsj.jp/
株式会社ロジックス,http://www.lgcs.co.jp/index.html
中島急送株式会社,http://www.nakakyu.co.jp/
株式会社愛進物流,http://www.aishin-aoi.com/index.html
株式会社アクトライン,http://www.act-line.net/
東洋ロジテム株式会社,http://www.toyologitem.co.jp/
有限会社荒島屋,https://arashimaya.jp/
エイト商会株式会社,http://www.eight-exp.co.jp/
株式会社コーケン物流,http://www.kokeninc.co.jp/pd.html
有限会社鈴木運送,http://www.suzuki-tp.jp/
ヤマナ運輸株式会社,http://www.yamana-unyu.co.jp/
羽塚運輸株式会社,http://www.hatsuka-trans.com/
株式会社岡三物流,http://okasan-butsuryu.com/
株式会社三州陸運,https://www.sansyurikuun.com/
東神観光バス株式会社,http://toshin-kanko.jp/
有限会社新生観光サービス,https://shinseikanko.jp/
井川商会株式会社,https://igawashoukai.com/
ヨシダ交通株式会社,http://www.yoshidakotsu.jp/index.php
グリーンライントラスト株式会社,https://www.greenline-trust.jp/
有限会社吉田商事,http://yoshida-shouji.com/
セブン通商株式会社,http://sevencommerce.co.jp/
しんみらい株式会社,http://shinmirai.mrweb.jp/
福玉ロジスティクス株式会社,https://www.fukutama.co.jp/company/
丸う運輸株式会社,http://www.maruu-unyu.co.jp/
株式会社竹豊物流,https://chikuhou-logi.com/
西枇杷島交通株式会社,https://nishibi-taxi.com/
犬山タクシー株式会社,https://inuyama-taxi.co.jp/
ジェイピーシー株式会社,https://recomm.xsrv.jp/site16/company/
大昇運輸株式会社,http://daisyo-exp.com
株式会社フジカワ商事,https://www.big-advance.site/s/202/1707/company
信光陸運株式会社,https://www.shinko-inc.com/index.html
栄進物流株式会社,https://www.e-log.co.jp/
株式会社弘伸運輸,http://www.katch.ne.jp/~koshin/aboutus.html
株式会社皆成,http://kaisei-1989.com/index.html
丸東運輸株式会社,http://marutou-unyu.co.jp/company/
豊橋埠頭株式会社,https://www.toyohashifuto.net/
豊橋港陸運株式会社,http://www.toyohashi-minato-rikuun.co.jp/index.html
豊橋倉庫株式会社,http://www.t-soko.com/
三星運送株式会社,https://mitsuboshiunsou.com/company-profile/
株式会社ＡＳＴＲＡ,http://www.astra-jpn.com
株式会社ムサシエンジニヤリング,http://www.musashi-eng.co.jp/
愛知海運産業株式会社,http://www.aichikaiunsangyo.co.jp/index.html
株式会社マイシン,http://www.maishin.jp/
蒲郡運送株式会社,http://www.gamaun.co/
マーメイドデリバリー有限会社,http://md-aichi.co.jp/
亀城運輸株式会社,http://kijyou.co.jp/index.html
株式会社カネコ運輸,http://kanekounyu.co.jp/
株式会社エクスプレス・サービス,http://exp-s.jp/
株式会社豪美,http://www.taketomi-kk.com/
有限会社春日運輸,https://haruhi-unyu.com/
暁輸送株式会社,http://www.amuse-365.com/
高浜共立運輸株式会社,http://www.k-logi.com/
刈谷配送株式会社,http://www.kariyahaisou.co.jp/index.html
名和運輸株式会社,http://www.meiwa-unyu.co.jp/
中部スカイサポート株式会社,http://www.css-ngo.com/
ヤマタツ商事株式会社,http://www.yamatatsu-shoji.com/
ワイズ通商株式会社,http://www.wise-ltd.net/index.html#secondPage
有限会社昇建,http://www.y-shouken.co.jp/
ＪＦＥ物流中部株式会社,http://www.jfe-logistics-chubu.co.jp/index.html
有限会社岸商事,http://www.kishi-syoji.co.jp/
株式会社東和リース,http://towa-lease.com
株式会社常滑コンテ,https://www.tokonameconte.co.jp/company/
株式会社ＣＰフーズ,http://cpf.co.jp/
株式会社森吉物流倉庫,http://www.morikichi.jp/group/
株式会社タイセイロジプラン,http://www.taisei-logi.co.jp/index.html
有限会社エヌサービス,http://unsou-nservice.com
有限会社弦月商運,https://gengetsu.co.jp/
株式会社タケヒロレッカー,https://www.takehiro24.com/
株式会社ジェイ・ロジコム,http://j-logicom.jp/company/
名輪ケミカル株式会社,http://www.meirin-trans.co.jp/meirin-chemical.html
株式会社パスコ・エクスプレス,http://www.pasco-express.co.jp/
有限会社エキスプレス,http://toyota-express.co.jp/
有限会社圓藤物流,http://www.endo-butsuryu.net/index.php
株式会社荒新機工,http://www.koushinkikou.co.jp/index.html
有限会社トランスタッフ,http://www.transtaff.co.jp/index.html
有限会社ヒラノ流通,https://hiraryuu.com/
モリリン物流株式会社,https://www.moririn-logistics.com/
有限会社スズタニ運送,http://www.suzutani-u.com/index.html
有限会社小松産業,https://www.s-kmt.com/
株式会社エムシーライン,http://mc-line.co.jp/index.html
有限会社コトブキ運輸,https://kotobuki-unyu.com/
協栄運輸株式会社,http://kyoeikg.co.jp/company/group.html
株式会社ドライバーサービス,https://www.driver-s.co.jp/
株式会社チャーターズカンパニー,http://www.charters.co.jp/
株式会社東端運輸,http://higashibataunyu.jp/
大盛運輸株式会社,http://taiseiunyu-anjyo.com/
有限会社丸十運輸,https://marujuuunyu.com/company/
株式会社アイティー物流,http://it-trans.co.jp/
株式会社丸宗,https://www.kk-marusoh.co.jp/
株式会社サンワ,http://www.sanwa-sanki.co.jp/
株式会社サンキュウ・トランスポート・中部,https://www.sankyu.co.jp/stgroup/office/stcb.html
株式会社スズタニ,http://www.suzutani-u.com/
株式会社ジャパンジャスティス,https://www.j-justice.co.jp/
有限会社エクストリーム,http://www.extreme-unsou.jp/
名鉄西部交通株式会社,http://www.meitetsu-seibukoutsu.co.jp/
株式会社鈴鉦運輸,http://www.suzusho-transport.co.jp/
野々山運輸株式会社,http://www.nono-unyu.com/
新和運輸株式会社,http://www.shinwaunyu.co.jp/index.html
中部第一輸送株式会社,http://www.cdy.co.jp/index.html
中日運送株式会社,http://www.chunichi-unso.co.jp/index.html
安藤運輸株式会社,https://www.andoh.co.jp/index.html
藤久運輸倉庫株式会社,http://www.fujikyu-unyu.co.jp/
株式会社カネヨシ,http://www.kaneyoshi.info/
株式会社杉田商店,http://www.sugita-tp.co.jp/
ダイセー倉庫運輸株式会社,http://www.ddaisei.co.jp/
株式会社スリーエス物流,http://sline.co.jp/three-s_butsuryu/
有限会社東部観光,https://www.tobu-kanko.com/
株式会社愛翔,https://kigyou.net/aisho/
株式会社やまひろ運輸,https://yamahiro-unyu.net/
有限会社長谷川急送,http://hasegawa-kyuso.suuhun.com/
大源海運株式会社,http://www.dgn-kaiun.co.jp/
尾州倉庫株式会社,http://www.bisyu.co.jp/
田中産業株式会社,http://www.tanaka-sangyo.jp/aichi/
トヨフジ海運株式会社,https://www.toyofuji.co.jp/
アイチ物流株式会社,http://www.asl21.net
大興タクシー株式会社,http://taikoh-taxi.co.jp/
勅使川原産業株式会社,http://teshi.co.jp/
有限会社昭栄運輸,http://shouei-unyu.com/index.html
名古屋東部陸運株式会社,http://www.meitou.co.jp/
丸進青果株式会社,http://www.marushin-seika.com/
カリツー株式会社,http://www.karitsu.co.jp/index.html
東伸運輸株式会社,https://www.toosin.co.jp/
中部陸運株式会社,http://chu-riku.com/
愛東運輸株式会社,http://aitoh-unyu.jp
名古屋空港ビルディング株式会社,https://nagoya-airport.jp/company.html
東海ローディング株式会社,http://www.tokailoading.co.jp/
鈴木運輸サービス合同会社,https://www.suzuki-transport.com/
ｇｒｏｗ　ｕｐ,http://growup-j.com/
稲冨急送,http://www.inatomi-exp.com/
大進輸送株式会社,https://daisin-yuso.com/
龍城観光株式会社,http://www.tatsukikanko.jp/
日産名古屋書庫運輸株式会社,http://www.nissannagoyashoko.com/
和心急送合同会社,https://wazin.co.jp/
株式会社トランサット,https://at-atoko.jp/transat.php
株式会社岡通トランスポート,https://www.okatsu.co.jp/company/baseinfo.html
有限会社プラスプラティ,https://www.plusprati.jp/
有限会社サーブ介護センター,http://www.serve-care.com/WP/
株式会社サポートランス,http://www.sanei-unyu.co.jp/service1.html
トリプルＡ株式会社,https://triplea.jp/
コンドー産業株式会社,https://kondo-sangyo.com
有限会社エム・エヌ・ティー,http://www.mnt-21.co.jp/wp/
株式会社ＴＯＩＬ,http://www.toil.jp/
株式会社シップス,http://jd-ships.com/
株式会社Ｊａｄｅ,http://toyotajade.wixsite.com/jada-toyota
有限会社マツシタ,http://www.matsushita-1969.com
株式会社高森物流,https://www.takamori-corp.jp/
北斗商事株式会社,https://hokutocor.co.jp/
フロンティア株式会社,http://www.frontier-spirit-ichinomiya.com/
株式会社フジコン,http://www.fuji-kon.com
有限会社さんりん舎,http://www.sanrin48.com/
伸栄サービス株式会社,http://shinei-tsp.com
豊栄交通岡崎株式会社,http://www.hoei-group.co.jp/associated.html
株式会社クリエイト,http://create-corp.jp/index.html
有限会社エムズ,https://emuzu1.co.jp/
株式会社トライバル,http://try-bal.com/sp/
丸栄ニューウェーブ株式会社,http://marueinewwave.com/
株式会社マイロジ,http://maruhideunsou.com/
株式会社ベクターロジスティクス,http://vector-l.co.jp/index.html
株式会社トランスパック,http://transpac.cc/index.html
株式会社ヴァイスクレー,http://www.viceklee.co.jp/index.html
株式会社榊原商店,http://sakakibarasyouten.com
有限会社遠島商事,https://toshimashoji.com/
有限会社フロムワン,https://from-1.co.jp/index.html
有限会社小島商店,http://www.kojimasyoten.co.jp/
株式会社ＫＩＴ,http://www.kit-kei.jp/index.html
株式会社オーパストランスポート,https://opus-transport.com/index.html
有限会社長友商事,http://www.nagatomo-shozi.com/
株式会社丸運ロジスティクス東海,https://www.maruwn.co.jp/group/about/maruwnlogisticstokai/
昭和冷蔵株式会社,http://
ジェイ・アクシス株式会社,https://j-axis-inc.com/
株式会社奥堀,http://okubori.jp/
刈急運輸株式会社,https://www.karikyu.jp/about/
愛知ミタカ運輸株式会社,http://www.aichi-mitaka.join-us.jp/
株式会社丸鈴運輸,http://www.marusuzu-unyu.com/index.html
豊公組運輸株式会社,http://houkougumi.com/
高山運輸株式会社,http://www.takayama-unyu.co.jp/index.html
株式会社ＮＥＸＴ,http://next-k.jp/
株式会社藤栄物流,https://www.toei-express.com/
大広運輸株式会社,http://www.ohiro.jp/company.html
株式会社樹商事,https://www.itsukishoji.com/
株式会社テイクワン,http://www16.plala.or.jp/kktk/index.html
株式会社ヒーローズエキスプレス,http://www.heros-express.jp/
有限会社ワンプラスワン,http://www.transport-oneplusone.jp
株式会社トランスライナー,http://transliner.net/
ＮＴＫ株式会社,http://ntk-toyota.com/
株式会社オン・ザ・ロード,http://www.daikou-unten.com/
知多乗合株式会社,http://www.chitabus.co.jp/top-00.htm
株式会社富士ライン,http://f-line-1.co.jp/
鈴木運送株式会社,http://www.suzukiunsou.com/
株式会社トーシンロジテク,https://toshin-logi.com/
株式会社大東運送,http://daito-group.biz/
津田運送株式会社,https://kumanokk.com/tsuda/
東海物流株式会社,http://www.morikichi.jp/list/
株式会社山起開発,https://yamakikaihatsu.co.jp/
ダイシンロジテム株式会社,https://lifecreator.co.jp/company.html
豊明花き株式会社,https://www.toyoake.or.jp/
共立産業株式会社,http://www.kyoritusangyo.co.jp
株式会社大伸,http://www.daishin.me/
株式会社ＮＴＳ,http://nts-d.jp/
株式会社アシスト物流サービス,https://www.assist-bs.com/
株式会社鈴与カーゴサービス名古屋,https://www.suzuyo-scs.co.jp/base/2082/
伊勢湾陸運株式会社,http://www.iseriku.jp/index.php
株式会社マルトク,http://marutoku-exp.co.jp/index.html
株式会社ヤハタロジコム,https://logicom.yht.co.jp
株式会社テスコ,http://www.tesco-exp.co.jp/
スカイポートサービス株式会社,https://www.skyport.co.jp
ヤマザキマザック運輸株式会社,https://www.mazak.jp/about-mazak/company-outline/
株式会社しかつケアサービス,http://www.shikatsu-care.co.jp/
株式会社徳永商店,http://www.tokunagasyouten.co.jp/index.html
株式会社ＳＫＥ,http://www.ske-oil.co.jp/
有限会社はじめの一歩,http://www.hajimeno1.com/
有限会社ボディショップ明伸,https://bodyshop-meishin.com/
株式会社名輪,http://meirin-trans.co.jp/index.html
株式会社ユートランス,http://www.utrans.co.jp/index2.htm
有限会社共栄産業,http://kyoueisangyo.com
有限会社松本商会,https://matsumotosyoukai.com/
有限会社佐藤運輸,http://www.sato-unyu.co.jp/
ENEOS知多サポート株式会社,http://www.eneos-chita-support.com/
株式会社マッハイナリク,http://www.inariku.jp/
株式会社日新,http://www.ns-ct.com/
飛島コンテナ埠頭株式会社,http://www.tcb-terminal.co.jp
株式会社ピアノ引越センター,http://www.phc.cc/
有限会社児玉組,http://www.aichi-kodamagumi.co.jp/
株式会社オール・ウェイズ,https://all-ways.co.jp/
南あいち観光有限会社,http://www.minamiaichi.jp/
東栄タクシー有限会社,http://toeitaxi.com/index.html
株式会社リコプロ,https://www.licopro.co.jp/
株式会社ケイ・アイ・エス,http://www.kis-hi.jp/
コネクト物流株式会社,http://www.connect-1.co.jp/buturyu/index.html
レスクル株式会社,http://www.rescre.com/
いしや株式会社,http://www.ishiya-exp.com
有限会社バーディー,http://www.yurakaiun.co.jp/company/yuragroup/
株式会社幸商,http://ko-sho.net/index.html
ＴＯＹＯＣＯＭＰＡＮＹ株式会社,http://toyo-company.com/
株式会社エーアイエス,http://ais.nagoya/
株式会社三島紙器印刷,http://www.mishimasiki.jp/
丸友運輸有限会社,http://marutomo-unyu.com
栄幸運送株式会社,http://eiko-unsou.com/
株式会社ユース・ラット,http://www.s-s-trans.com/
坪内運輸株式会社,http://tsubouchiunyu.com/index.php?FrontPage
中部エアカーゴサービス株式会社,http://www.cacs.co.jp/index.php
三河西濃運輸株式会社,https://mikawa5100.amebaownd.com
大新運輸有限会社,http://daishinunyu.com/
株式会社久津物流サービス,http://hisatsu.co.jp/
有限会社トキキャリーサービス,http://www.toki-carry.com/
港大宝運輸株式会社,http://www.minato-taiho.co.jp
株式会社藤通,http://www.fujitsu46.com/
イケア・ディストリビューションサービス株式会社,https://www.ikea.com/ms/ja_JP/this-is-ikea/about-the-ikea-group/distribution-service/index.html
春日運送株式会社,http://kasuga1969.co.jp
名古屋北部市場運輸株式会社,http://www.hokubu-g.com
株式会社久津運送店,http://hisatsu.co.jp/
富士運転代行尾張旭,http://www.daikou-fuji.com/
株式会社碧クレーン,http://midori.ehoh.net/
株式会社ナンバーワン,http://bus-no1.co.jp/index.html
名古屋国際観光バス株式会社,http://www.ngokokusaikanko.jp/
山崎商事運輸株式会社,http://www.y-s-u.co.jp/
ファインハクスイ株式会社,http://fine-h.co.jp/
株式会社愛東物流,http://www.aitoubuturyu.com/
アーク合同会社,http://www.ark-tr.net/
エナジス産業株式会社,https://www.energys.co.jp/kanren/chuena/index.html
株式会社稲生商会,http://www.synnet.or.jp/~k-k-ino/
友生物流・友生サービス株式会社,http://www.yusei-b.com/
丸美急配株式会社,http://www.marutokusangyo.co.jp/group/kyuhai.html
光陽ケミカル株式会社,http://nichirin-group.co.jp/service/unyujigyou/riku_jigyousyo/
株式会社フォース,https://force-kk.com/
夢観光株式会社,http://www.yume-kankou.co.jp/index.html
有限会社名古屋ピアノサービス,http://www.n-ps.jp/
株式会社ＥＩＧＨＴ．ｌｏｇｉｓｔｉｃｓ,https://eight-haisou.com/
有限会社ウィズ,https://etlfa7rca.jbplt.jp/
友生物流・友生サービス,http://www.yusei-b.com/
有限会社坂勇重機,http://banyujuki.com/
有限会社オワリ流通,https://777-owari.com
株式会社シーディーエフ,http://cdf-inc.com/
有限会社マルゼン流通加工倉庫,http://so-ko.info/
株式会社アーロック,http://www.aloc.co.jp/
有限会社陸進運輸,http://www.rikushin.co.jp/
株式会社山代,http://yamayo-web.com/
有限会社アクティブラン,http://www.activerun.net/
株式会社名古屋隔離板製作所,https://meikaku.info/
株式会社ＧＡＴ企画,http://www.g-a-t.jp/
豊明物流株式会社,https://www.toyoake.or.jp/outline/group/toyoake-logistics/
東海運輸株式会社,https://www.tokaiunyukk.jp/
新川タクシー株式会社,http://www.taxisite.jp/sinkawa/
株式会社ＴＨライン,https://www.thline.co.jp/
東和物流株式会社,http://www.towa-ex.com/index.html
有限会社愛知高速運輸,http://www.aichikohsoku.com/index.html
有限会社林商会,http://www.hayashinet.com/
マルタアマゾン株式会社,http://www.maruta.co.jp/company/group/
栄光陸運株式会社,http://www.eikou-rikuun.com/
新急株式会社,http://www.shinkyu-net.co.jp/
中部トランスシティサービス株式会社,http://www.chubu-ts.co.jp/
東名交通株式会社,http://www.tomeitaxi.com/company.html
株式会社笹田運送,http://www.sasada-1.co.jp/
株式会社大翔,http://www.daisho-jet.co.jp/
株式会社ウィンフィールド,https://www.win-field.jp/about/
株式会社名孝高速,http://www.meiko-kosoku.co.jp/
株式会社中部ＮＬ,http://maru8-t.co.jp/index-top.html
小松運輸株式会社,http://www.komatu-unyu.co.jp/
丸徳輸送株式会社,http://www.marutokusangyo.co.jp/group/yusou.html
半田港運株式会社,http://www.handakoun.co.jp/
名鉄急配株式会社,http://www.meitetsu-kyuhai.com/index.html
鈴与スカイホールディングス株式会社,http://www.sshd.co.jp/?page_id=1360
株式会社コダマサービス,http://www.kodama-s.jp/
有限会社シライシ,http://shiraishi-exp.com/
有限会社カーレスキュー,http://www.carrescue.co.jp/index.html
株式会社キタガワ,https://www.kitagawa-co.co.jp/index.html
株式会社トゥクトゥクテクノ,http://www.tuktuktechno.co.jp/index.php
西尾交通株式会社,http://www.ishiki-taxi.com/index.php
株式会社マサフミ,http://masafumi-jp.com/
豊友輸送株式会社,http://hoyu-t.co.jp/
宝飯陸運株式会社,http://www.ccnet-ai.ne.jp/hoiriku/index.html
ゴールドボックス株式会社,http://gold-box.jp/
有限会社ハーモニースタッフサービス,http://www.harmonystaff.co.jp/
オート運輸倉庫株式会社,http://auto-unyu.co.jp/index.html
株式会社ハヤカワ運送,http://www.hayakawa-23.com/
豊商運株式会社,http://yutaka-shoun.co.jp/
株式会社エヌライン,https://nline.jp/index.html
株式会社エールジャパン,https://yelljp.co.jp/
碧海パック株式会社,http://www.hekikai-p.co.jp/
東名輸送株式会社,http://www.tomei-y.co.jp/index.php
サンエッジ株式会社,https://sun-edge.com/
生田産業株式会社,http://ikuta-web.com/main/ikuta/
株式会社ＴＭ,http://www.tm-bus.com/
名岐合同株式会社,http://www.meigyi-510.co.jp/
河村物流サービス株式会社,https://www.kawamura.co.jp/corporate/group/butsuryuservice/
有限会社八光,https://u-hakko.com/
臨海運輸株式会社,http://rinkaiunyu.co.jp/
岡通軽貨物急送株式会社,http://www.okakei.jp/
株式会社長田清掃,http://nagataseisou.co.jp/
丸富運輸株式会社,http://marutomi-unyu.jp/index.html
中部サービス株式会社,http://www.chubu-hls.co.jp/index.html
有限会社KRB,http://www.krb-k.com/
エーナン運輸株式会社,http://www.e-nan.jp/
有限会社セントラルカーゴ,https://central-cargo.co.jp/
ＡＲＫ運輸株式会社,http://ark-unyu.com/index.html
日本ＡＰＴ株式会社,http://nihon-apt.co.jp/
中京エキスプレス株式会社,https://ja-jp.facebook.com/chukyo.exp/
安城倉庫運輸株式会社,http://www.toosin.co.jp/corpo/office/
ハクバ物流株式会社,https://www.hakubaphoto.co.jp/corporation/index.html
株式会社小笠原運送,http://ogasawara-unsou.jp/
有限会社シンコウ運輸,http://www.shinkoh-unyu.jp/
丸五運送株式会社,https://www.05unsou.com/
株式会社アテックライン,http://www.atec-line.co.jp/
株式会社山昌,http://www.yamasholine.co.jp/
株式会社鈴商,http://www.suzu-syo.co.jp/
株式会社青山運送,https://www.aoyama-unsou.co.jp/index.html
豊栄交通株式会社,http://www.hoei-group.co.jp/
碧南運送株式会社,http://www.hekiun.co.jp/index.html
トヨタ輸送中部株式会社,http://toyotayusouchubu.jp/
名阪急配株式会社,https://www.meihankyuhai.co.jp/
有限会社アイホーサービス,https://www.aihou-service.com/
豊愛マネージメント株式会社,http://www.ho-ai.com/index.html
株式会社ティー・ワイ・エム,https://mil-to.com/TYM_trans/
東洋毛糸紡績株式会社,http://toyo-keito.com/
ダイセー物流株式会社,https://d-distro.co.jp/
ディーエヌシー物流株式会社,http://www.locoway.co.jp/dnc.html
金田運輸株式会社,https://sites.google.com/site/kanedaunyu/home
有限会社フジミ運輸,http://www.fujimi-unyu.com/
株式会社ジェイライン,http://jline-transport.com/
神野オイルセンター株式会社,https://www.sala.jp/ja/company/group.html
中洲梱包株式会社,http://nakasukonpou.co.jp
有限会社エイチアンドエム,http://hmlogi.jp/index.html
一宮重量輸送株式会社,http://ichinomiya-jyuryo.co.jp/index.html
株式会社まるかわ運輸,https://marukawa-unyu.bsj.jp/
ミヤコサービス株式会社,https://miyako-service.co.jp/
三ツ井運輸株式会社,http://mitsui.ibclub.jp/index.html
株式会社メイギライン,http://xd484316.html.xdomain.jp/meigi/company.html
つばさ交通株式会社,http://tsubasa-bus.jp/index.html
株式会社カーゴラインメイホウ,http://www.cargolinemeihou.com/pc/index.html
株式会社東和フレスト,http://towa-frest.com/
岡崎運送株式会社,http://okazakiunsou.ibclub.jp/index.html
豊橋センコー運輸株式会社,https://www.toyohashi-senko.jp/
みずしま急配株式会社,http://www.mizushima-kyuhai.com/
パワーシステムサービス株式会社,http://www.power-inosan.co.jp/
安東運送株式会社,http://www.andounso.co.jp/
知多産業運輸株式会社,http://www.chita-trans.co.jp/
神野臨海株式会社,https://mods-rinkai.ssl-lolipop.jp/
岡陸タクシー株式会社,http://home1.catvmics.ne.jp/~okarikutaxi/index.html
豊橋鉄道株式会社,http://www.toyotetsu.com
株式会社オーワ,http://www.ohwa-gr.co.jp/index.html
大洋荷役株式会社,http://www.taiyo-niyaku.co.jp/
渥美運輸株式会社,http://www.atsumi-unyu.co.jp/
ＴＧロジスティクス株式会社,https://tg-logi.com/
株式会社スワローロジックス,http://sline.co.jp/group/swallow_logics.html
名古屋平岩運輸株式会社,http://www.hiraiwaunyu.jp/publics/index/2/
朝日ヶ丘運輸株式会社,http://www.asahigaoka.co.jp/index.html
株式会社Ｂ．Ｂ．Ｃ,https://bbc-0610.com/
株式会社鈴松サービス,https://suzumatuservice.com/index.html
流星ライン株式会社,https://www.ryusei-line.com/
株式会社ユー・エス物流,http://www.ussnet.co.jp/
有限会社藤栄物流,https://www.toei-express.com/
