記事URL,会社名,代表者名,会社URL
https://interview.interpresident.jp/kansai/chatwork/,ChatWork株式会社,山本 敏行,http://corp.chatwork.com/ja/
https://interview.interpresident.jp/kansai/daikoku/,株式会社あみだ池大黒,小林 昌平,http://www.daikoku.ne.jp/
https://interview.interpresident.jp/kansai/daimei/,大阪銘板株式会社,山口 徹,http://www.daimei.jp/
https://interview.interpresident.jp/kansai/eco-style/,株式会社エコスタイル,木下 公貴,https://www.eco-st.co.jp/
https://interview.interpresident.jp/kansai/ewell/,株式会社eWeLL,中野 剛人,https://ewellibow.jp/index.html
https://interview.interpresident.jp/kansai/family-network/,株式会社ファミリーネットワークシステムズ,堀田 茂,http://www.onemile.jp/
https://interview.interpresident.jp/kansai/hanamaru/,株式会社はなまる,穂積 文彦,http://www.hanamaru870.co.jp/
https://interview.interpresident.jp/kansai/i-plug/,株式会社i-plug,中野 智哉,http://i-plug.co.jp/
https://interview.interpresident.jp/kansai/kdl/,株式会社 神戸デジタル・ラボ,永吉 一郎,http://www.kdl.co.jp/
https://interview.interpresident.jp/kansai/lockon/,株式会社ロックオン,岩田 進,http://www.lockon.co.jp/
https://interview.interpresident.jp/kansai/meryeself/,株式会社ミライセルフ,表 孝憲,https://mitsucari.com/
https://interview.interpresident.jp/kansai/minatoseiki/,港製器工業株式会社,岡室 昇志,http://www.minatoseiki.co.jp/
https://interview.interpresident.jp/kansai/mwcc/,マイクロ波化学株式会社,吉野 巌,http://mwcc.jp/
https://interview.interpresident.jp/kansai/nikko/,日工株式会社,中山 知巳（なかやま ともみ）,https://www.nikko-net.co.jp/
https://interview.interpresident.jp/kansai/nissonet/,株式会社ニッソーネット,山下 吾一,http://www.nissonet.co.jp/company/
https://interview.interpresident.jp/kansai/noah/,ノアインドアステージ株式会社,大西 雅之,https://www.noahis.com/corp/
https://interview.interpresident.jp/kansai/raxus-create/,株式会社ラグザス・クリエイト,福重 生次郎,http://raxus-create.co.jp/
https://interview.interpresident.jp/kansai/sabaya/,株式会社鯖や,右田 孝宜,http://www.torosaba.com/
https://interview.interpresident.jp/kansai/wave-technology/,株式会社Wave Technology,石川 高英,http://www.wti.jp/
https://interview.interpresident.jp/tohoku/ability/,株式会社アビリティ,佐藤 朋幸,https://www.ability-f.com/
https://interview.interpresident.jp/tohoku/aizawa/,株式会社メガネの相沢,相澤 博彦,http://www.meganenoaizawa.co.jp/
https://interview.interpresident.jp/tohoku/akita-probasket/,秋田プロバスケットボールクラブ株式会社,水野 勇気,http://www.northern-happinets.com
https://interview.interpresident.jp/tohoku/dewazakura/,出羽桜酒造株式会社,仲野 益美,http://www.dewazakura.co.jp/
https://interview.interpresident.jp/tohoku/hachinohe/,八戸中央青果株式会社,横町 芳隆,http://www.hachinohe-seika.co.jp/
https://interview.interpresident.jp/tohoku/ibuki/,株式会社IBUKI,松本 晋一,http://www.ibki-inc.com/
https://interview.interpresident.jp/tohoku/ichii/,株式会社いちい,伊藤 信弘,http://www.ichii-yume.co.jp/
https://interview.interpresident.jp/tohoku/ilink/,株式会社アイリンク,齋藤 浩昭,http://ilink.jp/
https://interview.interpresident.jp/tohoku/kanzaki/,株式会社門崎,千葉 祐士,http://kakunosh.in/
https://interview.interpresident.jp/tohoku/konno/,今野印刷株式会社,橋浦 隆一,http://www.konp.co.jp/
https://interview.interpresident.jp/tohoku/manaby/,株式会社manaby,岡﨑 衛,https://manaby.co.jp/
https://interview.interpresident.jp/tohoku/onofoods/,小野食品株式会社,小野 昭男,http://www.onofoods.com/
https://interview.interpresident.jp/tohoku/onoya/,株式会社オノヤ,小野 浩喜,http://onoya.jp/
https://interview.interpresident.jp/tohoku/selecty/,株式会社セレクティー,畠山 明,http://www.apple-kobetsu.jp/
https://interview.interpresident.jp/tohoku/sra-tohoku/,株式会社SRA東北,阿部 嘉男,https://www.sra-tohoku.co.jp/
https://interview.interpresident.jp/tohoku/takaya/,株式会社タカヤ,望月 郁夫,http://takaya-net.jp/
https://interview.interpresident.jp/tohoku/unesthome/,ユネストホーム株式会社,櫻田 明寛,http://unesthome.com/
https://interview.interpresident.jp/tohoku/warabi/,株式会社わらび座,山川 龍巳,http://www.warabi.gr.jp/
https://interview.interpresident.jp/tokai/acuo/,アクオ株式会社,森 慎太郎,http://www.acuo.co.jp/
https://interview.interpresident.jp/tokai/bito/,株式会社尾東,人見 靖志,http://bbth.co.jp/
https://interview.interpresident.jp/tokai/chubu-nihon/,株式会社中部日本プラスチック,雪下 真希子,http://www.cnp.co.jp/
https://interview.interpresident.jp/tokai/e-valley/,イー・バレイ株式会社,池田 徹弘,https://www.e-valley.co.jp/
https://interview.interpresident.jp/tokai/freestyles/,株式会社フリースタイル,青野 豪淑,http://freestyles.jp/
https://interview.interpresident.jp/tokai/hamakyorex/,株式会社ハマキョウレックス,大須賀 秀徳,http://www.hamakyorex.co.jp/
https://interview.interpresident.jp/tokai/hamazo/,株式会社はまぞう,佐野 憲,http://hamazo.co.jp/
https://interview.interpresident.jp/tokai/heiseikensetu/,株式会社平成建設,秋元 久雄,https://www.heiseikensetu.co.jp/
https://interview.interpresident.jp/tokai/itec/,株式会社アイ・テック,大畑 大輔,http://www.itec-c.co.jp/
https://interview.interpresident.jp/tokai/kaitori-okoku/,株式会社 買取王国,長谷川 和夫,http://www.okoku.jp/
https://interview.interpresident.jp/tokai/katecs/,株式会社カテックス,加藤 巳千彦,http://katecs.jp/
https://interview.interpresident.jp/tokai/kimura-drink/,木村飲料株式会社,木村 英文,http://www.kimura-drink.net/
https://interview.interpresident.jp/tokai/kiuchi/,木内建設株式会社,木内 藤男,http://www1.kiuchi.jp/
https://interview.interpresident.jp/tokai/marumatsu/,株式会社マルマツ,山下 光明,http://www.marumatsu-no1.co.jp/
https://interview.interpresident.jp/tokai/minamifuji/,南富士株式会社,杉山 拓,http://www.minamifuji.com/
https://interview.interpresident.jp/tokai/myfc/,株式会社藤枝MYFC,小山 淳,http://myfc.co.jp/
https://interview.interpresident.jp/tokai/nagoya-denki/,名古屋電機工業株式会社,服部 高明,https://www.nagoya-denki.co.jp/
https://interview.interpresident.jp/tokai/nattoku/,納得住宅工房株式会社,久保 淳,https://www.nattoku.jp/
https://interview.interpresident.jp/tokai/s-point/,株式会社 S-point,佐々木 永年,http://www.spoint.jp/
https://interview.interpresident.jp/tokai/sago/,サゴーエンタプライズ株式会社,小野 晃司,https://www.3535.co.jp/
https://interview.interpresident.jp/tokai/sanei-trading/,三栄商事株式会社,後藤 正幸,http://www.sanei-trading.co.jp/
https://interview.interpresident.jp/tokai/shinei-hd/,新英ホールディングス株式会社,金子 豊久,http://www.shineikinzoku.co.jp/
https://interview.interpresident.jp/tokai/sunloft/,株式会社サンロフト,松田 敏孝,https://www.sunloft.co.jp/
https://interview.interpresident.jp/tokai/suzusan/,株式会社鈴三材木店,鈴木 諭,http://suzusan.jp/
https://interview.interpresident.jp/tokai/takasago-elec/,高砂電気工業株式会社,浅井 直也,http://takasago-elec.co.jp/
https://interview.interpresident.jp/tokai/takoman/,株式会社たこ満,平松 季哲,https://www.takoman.co.jp/shop/
https://interview.interpresident.jp/tokai/unieco/,ユニバーサルエコロジー株式会社,石田 友則,http://unieco.co.jp/
https://interview.interpresident.jp/tokai/yasue/,株式会社安江工務店,安江 博幸,http://www.yasue.co.jp/
https://interview.interpresident.jp/venture/endless/,株式会社エンドレス,蕭 勝華,https://endless-inc.jp/
https://interview.interpresident.jp/venture/hakuba/,白馬観光開発株式会社,和田　寛,http://www.nsd-hakuba.jp/
https://interview.interpresident.jp/venture/kamakura/,株式会社鎌倉新書,相木 孝仁,https://www.kamakura-net.co.jp/
https://interview.interpresident.jp/venture/mirai-works/,株式会社みらいワークス,岡本 祥治,https://mirai-works.co.jp/
