企業名,代表者,URL,インタビュー記事URL
株式会社Synergy Career,岡本 恵典,https://synergy-career.co.jp/,https://the-leader.jp/interview/synergy-career/
株式会社博水,江越 猛信,https://hakusui-foods.com/,https://the-leader.jp/interview/hakusui-foods/
豊橋法律事務所,鈴木　誠人,https://toyohashi-law.com/,https://the-leader.jp/interview/toyohashi-law/
有限会社ぬくもり工房,大高 旭,https://www.nukumorikoubou.com//,https://the-leader.jp/interview/nukumorikoubou/
株式会社IPPO,井口 幸代子,https://www.inclucive-ippo.com/,https://the-leader.jp/interview/ippo/
株式会社想像コミュニティ,込山 伸一,http://sozo-community.com//,https://the-leader.jp/interview/sozo-community/
オーガニック株式会社,大賀 高志,https://organix.co.jp/,https://the-leader.jp/interview/organix/
株式会社チャイルドサポート,佐々木 裕介,https://childsupport.co.jp/,https://the-leader.jp/interview/childsupport/
株式会社 弎画堂,相澤 里志,https://service.sankaku-do.co.jp/,https://the-leader.jp/interview/sankaku-do/
株式会社トライハッチ,武藤 尭行,https://tryhatch.co.jp/,https://the-leader.jp/interview/tryhatch/
株式会社ADeed,矢古宇 智士,https://adeed.jp/,https://the-leader.jp/interview/adeed/
ミライウェブ株式会社,工藤 魁,https://www.miraiweb.co.jp/,https://the-leader.jp/interview/miraiweb/
株式会社日本デザイン,大坪 拓摩,https://japan-design.jp/,https://the-leader.jp/interview/japan-design/
株式会社シェイク,吉田　実,https://shake.co.jp/,https://the-leader.jp/interview/shake/
株式会社ユニ・コア,谷口 功一,https://www.unicore.co.jp/,https://the-leader.jp/interview/unicore/
株式会社アンテック,末石 健二,https://www.antec-japan.net/,https://the-leader.jp/interview/antec/
ＳＫＹ　ＡＲＴ　ＪＡＰＡＮ株式会社,アルパ・アブドラ　ARPA ABDULLAH,https://skyart-japan.tokyo/,https://the-leader.jp/interview/skyart-japan/
合同会社ジョイン,家田 佳代子,https://join.tokyo/,https://the-leader.jp/interview/join/
株式会社カラーズ,伊東 竜太,https://www.colorzoo.com/,https://the-leader.jp/interview/colorzoo/
SUNNYDAY株式会社,小林 祐喜,https://sunnydayinc.jp/,https://the-leader.jp/interview/sunnyday/
株式会社オフィスTR,市原 あき子,https://www.airu-studio.com,https://the-leader.jp/interview/airu-studio/
株式会社エンカラーズ,大賀 遼,https://encolors.co.jp/,https://the-leader.jp/interview/encolors/
株式会社HULINK,金本 健二郎,https://hulink-inc.com/,https://the-leader.jp/interview/hulink-inc/
株式会社SOTO CFO,村瀬 功,https://sotocfo.co.jp/,https://the-leader.jp/interview/sotocfo/
株式会社Colorkrew,中村 圭志,https://www.colorkrew.com/,https://the-leader.jp/interview/colorkrew/
株式会社G-TAN,丹治 雅則,https://gtan.co.jp/,https://the-leader.jp/interview/g-tan/
FUJIYAMA International株式会社,坂井 仁,https://www.fujiyama-international.com/,https://the-leader.jp/interview/fujiyama-international/
株式会社やましたグリーン,山下 力人,https://www.yamashitagreen.com/,https://the-leader.jp/interview/yamashitagreen/
株式会社OSHIRI,杉浦 巌,https://oshiri.co.jp/,https://the-leader.jp/interview/oshiri/
株式会社グローバークス,森永 健太,https://www.globarx.co.jp/,https://the-leader.jp/interview/globarx/
一般社団法人Ayumi,山口 広登,,https://the-leader.jp/interview/the-ayumi/
株式会社アルバトロス,谷本 慎二,https://www.alba-tross.jp/,https://the-leader.jp/interview/alba-tross/
冒険社プラコレ,武藤功樹,https://pla-cole.co/,https://the-leader.jp/interview/pla-cole/
株式会社E-LINE,小泉 聡史,https://e-line.biz/,https://the-leader.jp/interview/e-line/
ウェブスターマーケティング株式会社,吉岡 政人,https://webstar-marketing.co.jp/,https://the-leader.jp/interview/webstar-marketing/
株式会社MSA GLOBAL MANAGEMENT,平川正城（ヒラカワマサキ）,https://masakisportsacademy.com/,https://the-leader.jp/interview/masakisportsacademy/
パーフェクト株式会社,磯崎 順信,https://www.perfectcorp.com/ja/business,https://the-leader.jp/interview/perfect/
株式会社hibino,吉川 康弘,https://hibino-meguro.co.jp/,https://the-leader.jp/interview/hibino/
株式会社ビジネスキャリア・コンサルティング,代表取締役　小松 茂樹,https://bizcareer.jp/,https://the-leader.jp/interview/bizcareer/
株式会社 RED BIKINI,代表取締役　竹村 啓子,https://yumeblo.jp/kanrekibikini/,https://the-leader.jp/interview/redbikini/
株式会社ドリームインポケット,川﨑 信也,https://www.dreaminpocket.com/,https://the-leader.jp/interview/dreaminpocket/
Vella株式会社,瀧　勇太,https://vella.co.jp/?utm_source=THE_Leader&utm_medium=referral&utm_campaign=THE_Leader_links,https://the-leader.jp/interview/vella/
株式会社スリーエーコンサルティング,竹嶋 寛人,https://www.3a-c.co.jp/,https://the-leader.jp/interview/3a-c/
株式会社 8-P （エイトピー）,酒井 志寿花,https://8-p.inc/,https://the-leader.jp/interview/8-p/
株式会社Japan PI,小山 悟郎,https://www.japanpi.com/ja/,https://the-leader.jp/interview/japanpi/
株式会社イー・エス・エス,山﨑 智士,https://www.ess.ne.jp/,https://the-leader.jp/interview/ess/
有限会社 丸井食品三重工場,西山 典孝,https://maruishokuhin.co.jp/,https://the-leader.jp/interview/maruishokuhin/
株式会社グラヴィティPR,山田 佳奈恵,https://gravity-g.com/,https://the-leader.jp/interview/gravity/
株式会社AlbaLink(アルバリンク),河田 憲二,https://albalink.co.jp/,https://the-leader.jp/interview/albalink/
株式会社ヘヤゴト,宮島　一郎,https://heyagoto.co.jp/,https://the-leader.jp/interview/heyagoto/
,吉田 美子,https://www.fp-plus.net/,https://the-leader.jp/interview/plus/
海外FX株式会社,今川 里沙,https://kaigaifx.co.jp/,https://the-leader.jp/interview/kaigaifx/
,藤原 孝志,https://human-fuji.com/,https://the-leader.jp/interview/human_concierge/
一般社団法人ネット情報信頼性機構,中澤 祐樹,https://gig.or.jp/,https://the-leader.jp/interview/net_zyouhou/
さすてな経営会計事務所,伊藤 央真,https://sustaina-ac.com/,https://the-leader.jp/interview/sustaina-ac/
,平良 学,https://gdx-research.com/,https://the-leader.jp/interview/gdx-research/
株式会社ゆとみ,冨永 伸一,https://t-yutomi.com/,https://the-leader.jp/interview/yutomi/
株式会社FoR,高橋 知暉,https://f-o-r.co.jp/,https://the-leader.jp/interview/for/
株式会社アイ・タッグ,小林 一光,https://itag.co.jp/,https://the-leader.jp/interview/itag/
セレクトラ・ジャパン株式会社,グザビエ・ピノン,https://selectra.jp,https://the-leader.jp/interview/selectra/
株式会社Groovement,浴野 真志,https://groove-ment.com/,https://the-leader.jp/interview/groovement/
株式会社 K WAVE,松本 晃平,https://kwave-inc.co.jp/,https://the-leader.jp/interview/kwave/
株式会社ハナミラ,松下 りせ,https://hanamira.jp/,https://the-leader.jp/interview/hanamira/
ホームコンサルティングソリューションズ株式会社,小林 大祐,https://hcs20061.xsrv.jp/hcs/,https://the-leader.jp/interview/hcs/
株式会社ガーディアン,青山 裕一,https://guardian.jpn.com/,https://the-leader.jp/interview/guardian/
株式会社トラーチ,稲場 基泰,https://truach.co.jp/,https://the-leader.jp/interview/truach/
株式会社MIYOSHI,佐藤 英吉,https://3yoshi.jp/,https://the-leader.jp/interview/miyoshi/
株式会社MamaWell,関 まりか,https://mamawell.jp/,https://the-leader.jp/interview/mamawell/
,飯村 惇,http://makotoiimura.com/,https://the-leader.jp/interview/himawari/
株式会社さくらほりきり,堀切 俊雄,https://www.sakurahorikiri.co.jp/corp/,https://the-leader.jp/interview/sakurahorikiri/
株式会社Pictors & Company,水口 史椰,https://www.pictors.co.jp/,https://the-leader.jp/interview/pictors/
エリアリンク株式会社,代表取締役社長　鈴木貴佳,https://www.arealink.co.jp/,https://the-leader.jp/interview/arealink/
株式会社Widsley,髙橋 弘考,https://widsley.com/,https://the-leader.jp/interview/widsley/
ワンネス株式会社,石山 喜章,https://oneness.inc/,https://the-leader.jp/interview/oneness/
DPS株式会社,丸澤 武,https://www.sayamagreenteaschool.com/,https://the-leader.jp/interview/dps/
株式会社ウィズテック,日向 亮介,https://wiz-tech.jp/,https://the-leader.jp/interview/wiz-tech/
ハイタレント株式会社,有吉 洋平,https://hitalent.co.jp/,https://the-leader.jp/interview/hitalent/
株式会社Airz,宮﨑 俊行,https://airz.co.jp/,https://the-leader.jp/interview/airz/
株式会社Payment Technology,上野 亨,https://pay-tech.co.jp/,https://the-leader.jp/interview/payment-technology/
,川下 良二,https://www.office-kawashita.com/,https://the-leader.jp/interview/kawashita/
株式会社フェザーイノベーション（スカイ訪問介護ステーション）,羽賀 祐介,https://hp.kaipoke.biz/19v/,https://the-leader.jp/interview/feather_innovation/
株式会社ものノふJAPAN,栗原 渉,https://mononofujapan.com/,https://the-leader.jp/interview/mononofujapan/
株式会社マーベラス,杉原 清隆,https://www.marvelous-gr.co.jp/,https://the-leader.jp/interview/marvelous/
株式会社日本機能性コスメ研究所,林 紗陽,https://www.cosmelabo.shop/,https://the-leader.jp/interview/cosmelabo/
株式会社アクセルラボ,小暮 学,https://accel-lab.com/jp/,https://the-leader.jp/interview/accel-lab/
株式会社未来creation,山崎 栞里,https://www.mirai-creation.com/,https://the-leader.jp/interview/mirai-creation/
株式会社ビー・アイ・ピー・ジャパン,岡田裕幸,https://www.bipjapan.com/,https://the-leader.jp/interview/bipjapan/
,臼井 幸平,https://ftar-sports.com/,https://the-leader.jp/interview/ftar-sports/
株式会社ゴスペルミニストリーS.C.A,山本 真一郎,https://www.shinscommunityacts.com/,https://the-leader.jp/interview/gospel_ministry/
不動産エージェント株式会社,南雲 美穂,https://fudousan-agent.com/,https://the-leader.jp/interview/fudousan-agent/
Upmind株式会社,箕浦 慶,https://upmind.co.jp,https://the-leader.jp/interview/upmind/
株式会社ジョイファンデーション,喜田 圭一郎,https://www.h-garden.com/,https://the-leader.jp/interview/h-garden/
株式会社s.create,三尾 直文,https://shiga-create.jp/,https://the-leader.jp/interview/shiga-create/
株式会社トークナビ,樋田 かおり,https://talknavi.co.jp/,https://the-leader.jp/interview/talknavi/
mederi株式会社,坂梨 亜里咲,https://mederi.jp/,https://the-leader.jp/interview/mederi/
株式会社ソフツー,鍾 勝雄,https://www.softsu.co.jp/,https://the-leader.jp/interview/softsu/
Always日本ペットシッターサービス板橋店,風間 真理,https://always-pet.com/,https://the-leader.jp/interview/always/
株式会社GOOD VIBES ONLY,野田 貴司,https://goodvibesonly.jp/,https://the-leader.jp/interview/goodvibesonly/
株式会社ＡＥＲＡ,蒲 純一郎,https://aera-inc.com/,https://the-leader.jp/interview/aera/
株式会社GenAi,三浦 一起,https://genai.co.jp/,https://the-leader.jp/interview/genai/
株式会社 sign,藤井 桃子,https://sign-inc.jp/,https://the-leader.jp/interview/sign/
株式会社テラジマアーキテクツ,深澤 彰司,https://www.terajima.co.jp/,https://the-leader.jp/interview/terajima/
FP事務所RAC,近藤 賢一,https://fp-rac.com/,https://the-leader.jp/interview/fp-rac/
,泉 あすか,https://happyrich88.com/,https://the-leader.jp/interview/revolution/
株式会社Alfree,秋澤幸太郎,https://alfree.net/,https://the-leader.jp/interview/alfree/
株式会社そらとうみ,永田 しのぶ,https://sora-umi2011.com/,https://the-leader.jp/interview/sora-umi/
コクー株式会社,入江 雄介,https://cocoo.co.jp/,https://the-leader.jp/interview/cocoo/
株式会社Cinnamil,岸本 誠也,https://shinamiru.com,https://the-leader.jp/interview/cinnamil/
株式会社PE-BANK,髙田 幹也,https://pe-bank.co.jp/,https://the-leader.jp/interview/pe-bank/
株式会社ＮＭＲ流通総研,中坊 崇嗣,https://nmr-ltd.jp/,https://the-leader.jp/interview/nmr-ltd/
,井澤 幹,https://www.izawapat.jp/,https://the-leader.jp/interview/izawapat/
,真鈴川 聡,https://www.masuzugawa.com/,https://the-leader.jp/interview/masuzugawa/
敬天塾,平井 基之,https://exam-strategy.jp/,https://the-leader.jp/interview/keitenzyuku/
Global Style,Narumi,https://worldcreatornarumi.com/,https://the-leader.jp/interview/globalstyle/
2012年4月～,,https://www.okinawa-dreamer.net/,https://the-leader.jp/interview/dream_production/
株式会社エスマット,林 英俊 / 志賀 隆之,https://smartshopping.co.jp/,https://the-leader.jp/interview/smartshopping/
Loveセラピープロジェクト,小野 早希惠,https://www.love-therapy-taikyou.com/,https://the-leader.jp/interview/lovetherapy/
株式会社チャレンジ,佐々木 和男,http://challengego.co.jp/,https://the-leader.jp/interview/challenge/
ドクターメイト株式会社,青柳 直樹,https://doctormate.co.jp/,https://the-leader.jp/interview/doctormate/
,板山 翔,https://itayama-syo-zeirishi.jp/,https://the-leader.jp/interview/itayama-syo-zeirishi/
合同会社ファブリッジ,御堂 裕実子,https://fabridge.co.jp/,https://the-leader.jp/interview/fabridge/
株式会社フレンドシップ,林 文臣,https://www.friendship2323.com/,https://the-leader.jp/interview/friendship/
株式会社Lumii,宮原 駿,https://lumii.co.jp/,https://the-leader.jp/interview/lumii/
東京システムハウス株式会社,林 知之,https://www.tsh-world.co.jp/,https://the-leader.jp/interview/tsh-world/
株式会社 経営者JP,井上 和幸,https://www.keieisha.jp/,https://the-leader.jp/interview/keieishajp/
リ・プロダクツ株式会社,髙奥 要輔,https://www.re-products.co.jp/,https://the-leader.jp/interview/re-products/
株式会社ユアウィル,木下 亮雄,https://practical-marketingpr.com/,https://the-leader.jp/interview/practical-marketingpr/
株式会社ウインターハート,斉藤 良男,https://car-nebi.com/uneisya/,https://the-leader.jp/interview/winterheart/
中野BC株式会社,中野 幸治,http://www.nakano-group.co.jp/,https://the-leader.jp/interview/nakano-group/
株式会社SK Japan Works,佐々木 利一,https://sk-japanworks.com/,https://the-leader.jp/interview/sk-japanworks/
株式会社ジャパンシーズコーポレーション,藤原 洋平,https://japan-seeds.com/,https://the-leader.jp/interview/japan-seeds/
カールトン株式会社,位田 祐希,https://carlton.co.jp/,https://the-leader.jp/interview/carlton/
株式会社コマースフォース,小野瀬 冬海,https://commerceforce.co.jp/,https://the-leader.jp/interview/commerceforce/
株式会社 Ikigai,三神 勇治,https://www.ikigaiinc.com/,https://the-leader.jp/interview/ikigai/
株式会社Ballista,中川 貴登,https://ballista.co.jp/,https://the-leader.jp/interview/ballista/
株式会社ForN,藤原 哲哉,https://forn.co.jp/,https://the-leader.jp/interview/forn/
株式会社SIGNING,亀山 淳史郎,https://signing.co.jp/,https://the-leader.jp/interview/signing/
株式会社ライクノウ,髙原 寧々,https://www.likeknow.jp/,https://the-leader.jp/interview/likeknow/
コンテンツワークス株式会社,荻野 明彦,https://www.contentsworks.co.jp/,https://the-leader.jp/interview/contentsworks/
株式会社シーサイド,永井 孝,https://www.c-sidepro.com/,https://the-leader.jp/interview/c-side/
株式会社インコネ,篠崎 泰弘,https://inco.co.jp/,https://the-leader.jp/interview/inco/
株式会社リオエンターテイメントデザイン,竹林 良太,https://www.rio-e-design.com/,https://the-leader.jp/interview/rio-e-design/
株式会社アイランド・ブレイン,鈴木 徹,,https://the-leader.jp/interview/islandbrain/
飯田橋OTA整体院,太田 慎治,https://ota-seitaiin.com/,https://the-leader.jp/interview/ota-khkan/
株式会社第一住建ホールディングス,松尾 武,https://www.d-group.co.jp/,https://the-leader.jp/interview/d-group/
株式会社Xbi,岡本 一応,,https://the-leader.jp/interview/xbi/
クレソン株式会社,青木 毅,https://creson.jp/,https://the-leader.jp/interview/creson/
株式会社KAMING,神崎 弘樹,https://www.kaming-corp.com/,https://the-leader.jp/interview/kaming/
株式会社ナキュア,菅原 由香子,https://yslabo.net/,https://the-leader.jp/interview/yslabo/
ベリテワークス株式会社,浅賀桃子,https://veriteworks.co.jp/,https://the-leader.jp/interview/veriteworks/
株式会社 Spectee（スペクティ）,村上 建治郎,https://spectee.co.jp/,https://the-leader.jp/interview/spectee/
株式会社de・ban,根本 貴博,https://de-ban.jp/,https://the-leader.jp/interview/de-ban/
株式会社デジタリフト,百本 正博,https://digitalift.co.jp/,https://the-leader.jp/interview/digitalift/
株式会社はぴねす観光,佐藤 奈美恵,http://www.happiness-tourism.jp/,https://the-leader.jp/interview/happiness-tourism/
株式会社デアルカ,森分 然,https://pcacademy.jp/,https://the-leader.jp/interview/pcacademy/
株式会社WEBMARKS,鈴木 晋介,https://webmarks.co.jp/,https://the-leader.jp/interview/webmarks/
,古久保 俊嗣,https://www.egaliteo.com/,https://the-leader.jp/interview/egaliteo/
B Productions,Nguyen Quoc Vu（グェン・クォク・ブー）,https://bprojapan.mystrikingly.com/,https://the-leader.jp/interview/bprovn/
株式会社モデル・ランゲージ・スタジオ,太田 雅一,https://www.mls-etd.co.jp/,https://the-leader.jp/interview/mls-etd/
株式会社en-kitchen,Chiaki,https://www.en-kitchen.com/,https://the-leader.jp/interview/en-kitchen/
,髙橋 圭,https://riseacross.com/,https://the-leader.jp/interview/riseacross/
みんなの塾）,諏訪間 雄聖,https://minjuku.info/,https://the-leader.jp/interview/minjuku/
株式会社エイトレッド,岡本 康広,https://www.atled.jp/,https://the-leader.jp/interview/atled/
FPサテライト株式会社,町田 萌,https://fpsatellite.co.jp/,https://the-leader.jp/interview/fpsatellite/
在宅医療マッサージ株式会社,飯田 正人,https://dr-nail.jp/,https://the-leader.jp/interview/dr-nail/
株式会社エッジコネクション,代表取締役社長　大村 康雄,https://edge-connection.co.jp/,https://the-leader.jp/interview/edge-connection/
株式会社展示会営業マーケティング,清永 健一,https://tenjikaieigyo.com/,https://the-leader.jp/interview/tenjikaieigyo/
株式会社SPENDA,伊藤 潤平,https://spendacorp.com/,https://the-leader.jp/interview/spenda/
合同会社Lycollection,角田 達海,https://www.ly-collection.net/,https://the-leader.jp/interview/lycollection/
株式会社 輝き LAND,佐藤美由紀 ／かがやき相談室主宰　佐藤晋一（輝きLAND アドバイザー）,https://kagayaki-land.com/,https://the-leader.jp/interview/kagayaki-land/
つながるネット株式会社,森 修,https://www.tsunagarunet.info/,https://the-leader.jp/interview/tsunagarunet/
株式会社一宝,懸谷 正人,https://ippoo-japan.com/,https://the-leader.jp/interview/ippoo/
,鈴木 淑雅,,https://the-leader.jp/interview/yoshima/
bravesoft株式会社,菅澤 英司,https://www.bravesoft.co.jp/,https://the-leader.jp/interview/bravesoft/
株式会社ミスコンシャス,小山 絵実,https://miss-cons.com/,https://the-leader.jp/interview/miss-cons/
株式会社TIME MACHINE,石澤 秀次郎,https://time-machine.co.jp/,https://the-leader.jp/interview/time-machine/
神上コーポレーション株式会社,鈴木 崇司,https://kohgami.co.jp/,https://the-leader.jp/interview/kohgami/
株式会社ディスカバリー・ホームズ,中村 勝人,http://www.discovery-homes.co.jp/,https://the-leader.jp/interview/discovery-homes/
ブランドハンズ,久保 雅之,https://brand-hands.co.jp/,https://the-leader.jp/interview/brand-hands/
グランパスコンサルティング株式会社,大平 祐輔,https://www.granpaz.co.jp/,https://the-leader.jp/interview/granpaz/
株式会社NIC,岩松 勇人,https://note.com/iwamatsuroom/,https://the-leader.jp/interview/nic/
株式会社Oneplat,泉 卓真,https://www.oneplat.co.jp/,https://the-leader.jp/interview/oneplat/
株式会社Well-being経営研究所,小林広治,https://www.wellbeing-management-labo.co.jp/,https://the-leader.jp/interview/wellbeing/
株式会社かるかも,佐久間稔,https://corp.karukamo.info/,https://the-leader.jp/interview/karukamo/
株式会社ふらここ,原 英洋,https://www.furacoco.co.jp/,https://the-leader.jp/interview/furacoco/
株式会社ピアノ買取ピアノワン,東 和樹,https://piano1.jp/,https://the-leader.jp/interview/piano1/
株式会社TSUTA-WORLD,山岡優樹,https://tsuta-world.com/,https://the-leader.jp/interview/tsuta-world/
,代表者　　【　武田朋也　】,https://fptakeda.com/,https://the-leader.jp/interview/money-lab-tokyo/
XMarke株式会社,福田佑貴,https://vir.jp/yukifukuta11,https://the-leader.jp/interview/xmarke/
サカイワークス,坂井 友哉,https://sakai.works/,https://the-leader.jp/interview/sakaiworks/
LIGHT UP,清水美耶子,https://lightup-web.com/,https://the-leader.jp/interview/light-up/
株式会社iishina,纐纈 修,https://iishina.jp/,https://the-leader.jp/interview/iishina/
