URL,タイトル
https://the-leader.jp/interview/synergy-career/,【株式会社Synergy Career】岡本恵典社長...
https://the-leader.jp/interview/hakusui-foods/,【株式会社博水】江越猛信社長インタビュー
https://the-leader.jp/interview/toyohashi-law/,【豊橋法律事務所】鈴木誠人代表インタビュー
https://the-leader.jp/interview/nukumorikoubou/,【有限会社ぬくもり工房】大高旭社長インタビュー
https://the-leader.jp/interview/ippo/,【株式会社IPPO】井口幸代子社長インタビュー
https://the-leader.jp/interview/sozo-community/,【株式会社想像コミュニティ】込山伸一社長インタビュー
https://the-leader.jp/interview/organix/,【オーガニック株式会社】大賀高志社長インタビュー
https://the-leader.jp/interview/childsupport/,【株式会社チャイルドサポート】佐々木裕介社長インタビ...
https://the-leader.jp/interview/sankaku-do/,【株式会社 弎画堂】相澤里志社長インタビュー
https://the-leader.jp/interview/tryhatch/,【株式会社トライハッチ】武藤尭行社長インタビュー
https://the-leader.jp/interview/adeed/,【株式会社ADeed】矢古宇智士社長インタビュー
https://the-leader.jp/interview/miraiweb/,【ミライウェブ株式会社】工藤社長インタビュー
https://the-leader.jp/interview/japan-design/,【株式会社日本デザイン】大坪拓摩社長インタビュー
https://the-leader.jp/interview/shake/,【株式会社シェイク】吉田実社長インタビュー
https://the-leader.jp/interview/unicore/,【株式会社ユニ・コア】谷口功一社長インタビュー
https://the-leader.jp/interview/antec/,【株式会社アンテック】末石建二社長インタビュー
https://the-leader.jp/interview/skyart-japan/,【ＳＫＹ　ＡＲＴ　ＪＡＰＡＮ株式会社】アルパ・アブド...
https://the-leader.jp/interview/join/,【合同会社ジョイン】家田佳代子代表インタビュー
https://the-leader.jp/interview/colorzoo/,【株式会社カラーズ】伊東竜太社長インタビュー
https://the-leader.jp/interview/sunnyday/,【SUNNYDAY株式会社】小林祐喜社長インタビュー
https://the-leader.jp/interview/airu-studio/,【株式会社オフィスＴＲ】市原あき子社長インタビュー
https://the-leader.jp/interview/encolors/,【株式会社エンカラーズ】大賀遼社長インタビュー
https://the-leader.jp/interview/hulink-inc/,【株式会社HULINK】金本健二郎社長インタビュー
https://the-leader.jp/interview/sotocfo/,【株式会社SOTO CFO】村瀬功社長インタビュー
https://the-leader.jp/interview/colorkrew/,【株式会社Colorkrew】中村圭志社長インタビュ...
https://the-leader.jp/interview/g-tan/,【株式会社G-TAN】丹治雅則社長インタビュー
https://the-leader.jp/interview/fujiyama-international/,【FUJIYAMA International株式会社】
https://the-leader.jp/interview/yamashitagreen/,【株式会社やましたグリーン】山下力人社長インタビュー
https://the-leader.jp/interview/oshiri/,【株式会社OSHIRI】杉浦巌社長インタビュー
https://the-leader.jp/interview/globarx/,【株式会社グローバークス】森永健太社長インタビュー
https://the-leader.jp/interview/the-ayumi/,【一般社団法人Ayumi】山口広登代表インタビュー
https://the-leader.jp/interview/alba-tross/,【株式会社アルバトロス】谷本慎二社長インタビュー
https://the-leader.jp/interview/pla-cole/,【冒険社プラコレ】武藤功樹社長インタビュー
https://the-leader.jp/interview/e-line/,【株式会社E-LINE】小泉聡史社長インタビュー
https://the-leader.jp/interview/webstar-marketing/,【ウェブスターマーケティング株式会社】吉岡政人社長イ...
https://the-leader.jp/interview/masakisportsacademy/,【株式会社MSA GLOBAL MANAGEMENT】
https://the-leader.jp/interview/perfect/,【パーフェクト株式会社】磯崎順信社長インタビュー
https://the-leader.jp/interview/hibino/,【株式会社hibino × 株式会社Switch】吉...
https://the-leader.jp/interview/bizcareer/,【株式会社ビジネスキャリア・コンサルティング】小松茂...
https://the-leader.jp/interview/redbikini/,【株式会社 RED BIKINI】竹村啓子社長インタ...
https://the-leader.jp/interview/dreaminpocket/,【株式会社ドリームインポケット】川﨑信也社長インタビ...
https://the-leader.jp/interview/vella/,【Vella株式会社】瀧　勇太社長インタビュー
https://the-leader.jp/interview/3a-c/,【株式会社スリーエーコンサルティング】竹嶋寛人社長イ...
https://the-leader.jp/interview/8-p/,【株式会社8-P】酒井志寿花社長インタビュー
https://the-leader.jp/interview/japanpi/,【株式会社Japan PI】小山悟郎社長インタビュー
https://the-leader.jp/interview/ess/,【株式会社イー・エス・エス】山﨑智士社長インタビュー
https://the-leader.jp/interview/maruishokuhin/,【有限会社丸井食品三重工場】西山典孝社長インタビュー
https://the-leader.jp/interview/gravity/,【株式会社グラヴィティPR】山田佳奈恵社長インタビュ...
https://the-leader.jp/interview/albalink/,【株式会社AlbaLink】河田憲二社長インタビュー
https://the-leader.jp/interview/heyagoto/,【株式会社ヘヤゴト】宮島一郎社長インタビュー
https://the-leader.jp/interview/plus/,【Plus－プリュス－】吉田美子代表インタビュー
https://the-leader.jp/interview/kaigaifx/,【海外FX株式会社】今川里沙社長インタビュー
https://the-leader.jp/interview/human_concierge/,【ヒューマンコンシェルジュ】藤原孝志代表インタビュー
https://the-leader.jp/interview/net_zyouhou/,【一般社団法人ネット情報信頼性機構】中澤祐樹代表イン...
https://the-leader.jp/interview/sustaina-ac/,【さすてな経営会計事務所】伊藤央真代表インタビュー
https://the-leader.jp/interview/gdx-research/,【フォーバル GDXリサーチ研究所】平良 学 所長イ...
https://the-leader.jp/interview/yutomi/,【株式会社ゆとみ】冨永伸一社長インタビュー
https://the-leader.jp/interview/for/,【株式会社FoR】高橋知暉社長インタビュー
https://the-leader.jp/interview/itag/,【株式会社アイ・タッグ】小林一光社長インタビュー
https://the-leader.jp/interview/selectra/,【セレクトラ・ジャパン株式会社】カントリーマネージャ...
https://the-leader.jp/interview/groovement/,【株式会社Groovement】浴野真志社長インタビ...
https://the-leader.jp/interview/kwave/,【株式会社K WAVE】松本晃平社長インタビュー
https://the-leader.jp/interview/hanamira/,【株式会社ハナミラ】松下りせ社長インタビュー
https://the-leader.jp/interview/hcs/,【ホームコンサルティングソリューションズ株式会社】小...
https://the-leader.jp/interview/guardian/,【株式会社ガーディアン】青山裕一社長インタビュー
https://the-leader.jp/interview/truach/,【株式会社トラーチ】稲場基泰社長インタビュー
https://the-leader.jp/interview/miyoshi/,【株式会社MIYOSHI】佐藤英吉社長インタビュー
https://the-leader.jp/interview/mamawell/,【株式会社MamaWell】関まりか社長インタビュー
https://the-leader.jp/interview/himawari/,【HiMaWaRi合同会社】飯村惇代表インタビュー
https://the-leader.jp/interview/sakurahorikiri/,【株式会社さくらほりきり】堀切俊雄社長インタビュー
https://the-leader.jp/interview/pictors/,【株式会社Pictors & Company】水口史...
https://the-leader.jp/interview/arealink/,【エリアリンク株式会社】鈴木貴佳社長インタビュー
https://the-leader.jp/interview/widsley/,【株式会社Widsley】髙橋弘考社長インタビュー
https://the-leader.jp/interview/oneness/,【ワンネス株式会社】石山喜章社長インタビュー
https://the-leader.jp/interview/dps/,【DPS株式会社】丸澤武社長インタビュー
https://the-leader.jp/interview/wiz-tech/,【株式会社ウィズテック】日向亮介社長インタビュー
https://the-leader.jp/interview/hitalent/,【ハイタレント株式会社】有吉洋平社長インタビュー
https://the-leader.jp/interview/airz/,【株式会社Airz】宮﨑俊行社長インタビュー
https://the-leader.jp/interview/payment-technology/,【株式会社Payment Technology】上野...
https://the-leader.jp/interview/kawashita/,【行政書士 川下良二事務所】川下良二代表インタビュー
https://the-leader.jp/interview/feather_innovation/,【株式会社フェザーイノベーション】羽賀祐介社長インタ...
https://the-leader.jp/interview/mononofujapan/,【株式会社ものノふJAPAN】栗原渉社長インタビュー
https://the-leader.jp/interview/marvelous/,【株式会社マーベラス】杉原清隆社長インタビュー
https://the-leader.jp/interview/cosmelabo/,【株式会社日本機能性コスメ研究所】林紗陽社長インタビ...
https://the-leader.jp/interview/accel-lab/,【株式会社アクセルラボ】小暮学社長インタビュー
https://the-leader.jp/interview/mirai-creation/,【株式会社未来creation】山崎栞里社長インタビ...
https://the-leader.jp/interview/bipjapan/,【株式会社B.I.Pジャパン】岡田裕幸社長インタビュ...
https://the-leader.jp/interview/ftar-sports/,【一般社団法人フットアールスポーツクラブ】臼井幸平代...
https://the-leader.jp/interview/gospel_ministry/,【株式会社ゴスペルミニストリーS.C.A】山本真一郎...
https://the-leader.jp/interview/fudousan-agent/,【不動産エージェント株式会社】南雲美穂社長インタビュ...
https://the-leader.jp/interview/upmind/,【Upmind株式会社】箕浦慶社長インタビュー
https://the-leader.jp/interview/h-garden/,【株式会社ジョイファンデーション】喜田圭一郎社長イン...
https://the-leader.jp/interview/shiga-create/,【株式会社s.create】三尾直文社長インタビュー
https://the-leader.jp/interview/talknavi/,【株式会社トークナビ】樋田かおり社長インタビュー
https://the-leader.jp/interview/mederi/,【mederi株式会社】坂梨亜里咲社長インタビュー
https://the-leader.jp/interview/softsu/,【株式会社ソフツー】鍾勝雄社長インタビュー
https://the-leader.jp/interview/always/,【Always日本ペットシッターサービス板橋店】風間...
https://the-leader.jp/interview/goodvibesonly/,【株式会社GOOD VIBES ONLY】野田貴司社...
https://the-leader.jp/interview/aera/,【株式会社ＡＥＲＡ】蒲純一郎社長インタビュー
https://the-leader.jp/interview/genai/,【株式会社GenAi】三浦一起代表インタビュー
https://the-leader.jp/interview/sign/,【株式会社 sign】藤井桃子社長インタビュー
https://the-leader.jp/interview/terajima/,【株式会社テラジマアーキテクツ】深澤彰司CEOインタ...
https://the-leader.jp/interview/fp-rac/,【FP事務所RAC】近藤賢一代表インタビュー
https://the-leader.jp/interview/revolution/,投資コミュニティ【Revolution】泉あすか代表...
https://the-leader.jp/interview/alfree/,【株式会社Alfree】秋澤幸太郎社長インタビュー
https://the-leader.jp/interview/sora-umi/,【株式会社そらとうみ】永田しのぶ社長インタビュー
https://the-leader.jp/interview/cocoo/,【コクー株式会社】入江雄介社長インタビュー
https://the-leader.jp/interview/cinnamil/,【株式会社Cinnamil】岸本誠也代表インタビュー
https://the-leader.jp/interview/pe-bank/,【株式会社PE-BANK】髙田幹也社長インタビュー
https://the-leader.jp/interview/nmr-ltd/,【株式会社ＮＭＲ流通総研】中坊崇嗣社長インタビュー
https://the-leader.jp/interview/izawapat/,【井澤国際特許事務所】井澤幹代表インタビュー
https://the-leader.jp/interview/masuzugawa/,【ますずがわ神経内科クリニック】真鈴川聡院長インタビ...
https://the-leader.jp/interview/keitenzyuku/,【敬天塾】平井基之代表インタビュー
https://the-leader.jp/interview/globalstyle/,【Global Style】Narumi代表インタビ...
https://the-leader.jp/interview/dream_production/,【株式会社ドリームプロダクション沖縄】比嘉豊太社長イ...
https://the-leader.jp/interview/smartshopping/,【株式会社エスマット】林英俊社長インタビュー
https://the-leader.jp/interview/lovetherapy/,【Loveセラピープロジェクト...
https://the-leader.jp/interview/challenge/,【株式会社チャレンジ】佐々木和男社長インタビュー
https://the-leader.jp/interview/doctormate/,【ドクターメイト株式会社】青柳直樹社長インタビュー
https://the-leader.jp/interview/itayama-syo-zeirishi/,【板山翔税理士事務所】板山翔代表インタビュー
https://the-leader.jp/interview/fabridge/,【合同会社ファブリッジ】御堂裕実子代表インタビュー
https://the-leader.jp/interview/friendship/,【株式会社フレンドシップ】林文臣社長インタビュー
https://the-leader.jp/interview/lumii/,【株式会社Lumii】宮原駿社長インタビュー
https://the-leader.jp/interview/tsh-world/,【東京システムハウス株式会社】林知之社長インタビュー
https://the-leader.jp/interview/keieishajp/,【株式会社経営者JP】井上和幸社長インタビュー
https://the-leader.jp/interview/re-products/,【リ・プロダクツ株式会社】髙奥要輔社長インタビュー
https://the-leader.jp/interview/practical-marketingpr/,【株式会社ユアウィル】木下亮雄社長インタビュー
https://the-leader.jp/interview/winterheart/,【株式会社ウインターハート】斉藤良男社長インタビュー
https://the-leader.jp/interview/nakano-group/,【中野BC株式会社】中野幸治社長インタビュー
https://the-leader.jp/interview/sk-japanworks/,【株式会社SK Japan Works】佐々木利一社...
https://the-leader.jp/interview/japan-seeds/,【株式会社ジャパンシーズコーポレーション】藤原洋平社...
https://the-leader.jp/interview/carlton/,【カールトン株式会社】位田祐希社長インタビュー
https://the-leader.jp/interview/commerceforce/,【株式会社コマースフォース】小野瀬冬海社長インタビュ...
https://the-leader.jp/interview/ikigai/,【株式会社 Ikigai】三神勇治社長インタビュー
https://the-leader.jp/interview/ballista/,【株式会社Ballista】中川貴登社長インタビュー
https://the-leader.jp/interview/forn/,【株式会社ForN】藤原哲哉社長インタビュー
https://the-leader.jp/interview/signing/,【株式会社SIGNING】亀山淳史郎社長インタビュー
https://the-leader.jp/interview/likeknow/,【株式会社ライクノウ】髙原寧々社長インタビュー
https://the-leader.jp/interview/contentsworks/,【コンテンツワークス株式会社】荻野明彦社長インタビュ...
https://the-leader.jp/interview/c-side/,【株式会社シーサイド】永井孝社長インタビュー
https://the-leader.jp/interview/inco/,【株式会社インコネ】篠崎泰弘社長インタビュー
https://the-leader.jp/interview/rio-e-design/,【株式会社リオエンターテイメントデザイン】竹林良太社...
https://the-leader.jp/interview/islandbrain/,【株式会社アイランド・ブレイン】鈴木徹社長インタビュ...
https://the-leader.jp/interview/ota-khkan/,【OTA整体院】太田慎治院長インタビュー～天...
https://the-leader.jp/interview/d-group/,【株式会社第一住建ホールディングス】松尾武社長インタ...
https://the-leader.jp/interview/xbi/,【株式会社Xbi】岡本一応社長インタビュー
https://the-leader.jp/interview/creson/,【クレソン株式会社】青木毅社長インタビュー
https://the-leader.jp/interview/kaming/,【株式会社KAMING】神崎弘樹社長インタビュー
https://the-leader.jp/interview/yslabo/,【株式会社ナキュア】菅原由香子社長インタビュー
https://the-leader.jp/interview/veriteworks/,【ベリテワークス株式会社】浅賀桃子社長インタビュー
https://the-leader.jp/interview/spectee/,【株式会社Spectee】村上建治郎社長インタビュー
https://the-leader.jp/interview/de-ban/,【株式会社de・ban】根本貴博社長インタビュー
https://the-leader.jp/interview/digitalift/,【株式会社デジタリフト】百本正博社長インタビュー
https://the-leader.jp/interview/happiness-tourism/,【株式会社はぴねす観光】佐藤奈美恵社長インタビュー
https://the-leader.jp/interview/pcacademy/,【株式会社デアルカ】森分然社長インタビュー
https://the-leader.jp/interview/webmarks/,株式会社WEBMARKS鈴木晋介社長インタビュー
https://the-leader.jp/interview/egaliteo/,【NPO法人エガリテ大手前】古久保俊嗣代表インタビュ...
https://the-leader.jp/interview/bprovn/,有限会社 B ProductionsNguyen Q...
https://the-leader.jp/interview/mls-etd/,【株式会社モデル・ランゲージ・スタジオ】太田雅一社長...
https://the-leader.jp/interview/en-kitchen/,【株式会社en-kitchen】Chiaki社長イン...
https://the-leader.jp/interview/riseacross/,【中央ライズアクロスグループ】髙橋圭代表インタビュー
https://the-leader.jp/interview/minjuku/,【株式会社ZIHEN】諏訪間雄聖社長インタビュー
https://the-leader.jp/interview/atled/,【株式会社エイトレッド】岡本康広社長インタビュー
https://the-leader.jp/interview/fpsatellite/,【FPサテライト株式会社】町田萌社長インタビュー
https://the-leader.jp/interview/dr-nail/,【在宅医療マッサージ株式会社】飯田正人社長インタビュ...
https://the-leader.jp/interview/edge-connection/,【株式会社エッジコネクション】大村康雄社長インタビュ...
https://the-leader.jp/interview/tenjikaieigyo/,【株式会社展示会営業マーケティング】清永健一社長イン...
https://the-leader.jp/interview/spenda/,【株式会社SPENDA】伊藤潤平社長インタビュー
https://the-leader.jp/interview/lycollection/,【合同会社Lycollection】角田達海社長イン...
https://the-leader.jp/interview/kagayaki-land/,【株式会社輝き LAND 】佐藤夫妻インタビュー
https://the-leader.jp/interview/tsunagarunet/,【つながるネット株式会社】森修社長インタビュー
https://the-leader.jp/interview/ippoo/,【株式会社一宝】懸谷正人社長インタビュー
https://the-leader.jp/interview/yoshima/,【YOSHIMA-SEO】鈴木淑雅代表インタビュー
https://the-leader.jp/interview/bravesoft/,【bravesoft株式会社】菅澤英司社長インタビュ...
https://the-leader.jp/interview/miss-cons/,【株式会社ミスコンシャス】小山絵実社長インタビュー
https://the-leader.jp/interview/time-machine/,【株式会社TIME MACHINE】石澤秀次郎社長イ...
https://the-leader.jp/interview/kohgami/,【神上コーポレーション株式会社】鈴木崇司社長インタビ...
https://the-leader.jp/interview/discovery-homes/,【株式会社ディスカバリー・ホームズ】中村勝人社長イン...
https://the-leader.jp/interview/brand-hands/,【ブランドハンズ】久保雅之社長インタビュー
https://the-leader.jp/interview/granpaz/,【グランパスコンサルティング株式会社】大平祐輔社長イ...
https://the-leader.jp/interview/nic/,【株式会社NIC】岩松勇人社長インタビュー
https://the-leader.jp/interview/oneplat/,【株式会社Oneplat】泉卓真社長インタビュー
https://the-leader.jp/interview/wellbeing/,【株式会社Well-being経営研究所】小林広治社...
https://the-leader.jp/interview/karukamo/,【株式会社かるかも】佐久間稔社長インタビュー
https://the-leader.jp/interview/furacoco/,【株式会社ふらここ】原英洋社長インタビュー
https://the-leader.jp/interview/piano1/,【株式会社ピアノ買取ピアノワン】東和樹社長インタビュ...
https://the-leader.jp/interview/tsuta-world/,【株式会社TSUTA-WORLD】山岡優樹社長インタ...
https://the-leader.jp/interview/money-lab-tokyo/,【Money Lab Tokyo】武田朋也代表インタ...
https://the-leader.jp/interview/xmarke/,【XMarke株式会社】福田佑貴社長インタビュー
https://the-leader.jp/interview/sakaiworks/,【サカイワークス】坂井友哉代表インタビュー
https://the-leader.jp/interview/light-up/,【LIGHT UP】清水美耶子社長インタビュー
https://the-leader.jp/interview/sample/,サンプル【株式会社〇〇】〇〇代表取締役インタビュー
https://the-leader.jp/interview/iishina/,【株式会社iishina】纐纈修社長インタビュー
